team,home_games,home_attendance,home_attendance_per_g,away_games,away_attendance,away_attendance_per_g
Los Angeles Lakers,,,,,,
Portland Trail Blazers,,,,,,
San Antonio Spurs,,,,,,
Phoenix Suns,,,,,,
Utah Jazz,,,,,,
Indiana Pacers,,,,,,
Miami Heat,,,,,,
Sacramento Kings,,,,,,
Charlotte Hornets,,,,,,
Minnesota Timberwolves,,,,,,
New York Knicks,,,,,,
Detroit Pistons,,,,,,
Philadelphia 76ers,,,,,,
Seattle SuperSonics,,,,,,
Orlando Magic,,,,,,
Milwaukee Bucks,,,,,,
Toronto Raptors,,,,,,
Dallas Mavericks,,,,,,
Boston Celtics,,,,,,
Houston Rockets,,,,,,
New Jersey Nets,,,,,,
Denver Nuggets,,,,,,
Washington Wizards,,,,,,
Cleveland Cavaliers,,,,,,
Atlanta Hawks,,,,,,
Vancouver Grizzlies,,,,,,
Golden State Warriors,,,,,,
Chicago Bulls,,,,,,
Los Angeles Clippers,,,,,,
