name_display,pos,age,team_name_abbr,games,games_started,mp,fg_per_36_min,fga_per_36_min,fg_pct,fg3_per_36_min,fg3a_per_36_min,fg3_pct,fg2_per_36_min,fg2a_per_36_min,fg2_pct,ft_per_36_min,fta_per_36_min,ft_pct,orb_per_36_min,drb_per_36_min,trb_per_36_min,ast_per_36_min,stl_per_36_min,blk_per_36_min,tov_per_36_min,pf_per_36_min,pts_per_36_min
Michael Finley,SF,26,DAL,82,82,3464,,,0.457,,,0.401,,,0.467,,,0.82,,,,,,,,,
Gary Payton,PG,31,SEA,82,82,3425,,,0.448,,,0.34,,,0.497,,,0.735,,,,,,,,,
Latrell Sprewell,SF,29,NYK,82,82,3276,,,0.435,,,0.346,,,0.445,,,0.866,,,,,,,,,
Kevin Garnett,PF,23,MIN,81,81,3243,,,0.497,,,0.37,,,0.504,,,0.765,,,,,,,,,
Shareef Abdur-Rahim,SF,23,VAN,82,82,3223,,,0.465,,,0.302,,,0.478,,,0.809,,,,,,,,,
Allan Houston,SG,28,NYK,82,82,3169,,,0.483,,,0.436,,,0.494,,,0.838,,,,,,,,,
Shaquille O'Neal,C,27,LAL,79,79,3163,,,0.574,,,0.0,,,0.575,,,0.524,,,,,,,,,
Mike Bibby,PG,21,VAN,82,82,3155,,,0.445,,,0.363,,,0.466,,,0.78,,,,,,,,,
Jerry Stackhouse,SG,25,DET,82,82,3148,,,0.428,,,0.288,,,0.462,,,0.815,,,,,,,,,
Anthony Mason,SF,33,CHH,82,81,3133,,,0.48,,,0.0,,,0.48,,,0.746,,,,,,,,,
Vince Carter,SF,23,TOR,82,82,3126,,,0.465,,,0.403,,,0.475,,,0.791,,,,,,,,,
Michael Dickerson,SG,24,VAN,82,82,3103,,,0.436,,,0.409,,,0.444,,,0.83,,,,,,,,,
Ray Allen,SG,24,MIL,82,82,3070,,,0.455,,,0.423,,,0.468,,,0.887,,,,,,,,,
Antoine Walker,PF,23,BOS,82,82,3003,,,0.43,,,0.256,,,0.471,,,0.699,,,,,,,,,
Elton Brand,PF,20,CHI,81,80,2999,,,0.482,,,0.0,,,0.483,,,0.685,,,,,,,,,
Reggie Miller,SG,34,IND,81,81,2987,,,0.448,,,0.408,,,0.473,,,0.919,,,,,,,,,
Dikembe Mutombo,C,33,ATL,82,82,2984,,,0.562,,,0.0,,,0.562,,,0.708,,,,,,,,,
Jalen Rose,SF,27,IND,80,80,2978,,,0.471,,,0.393,,,0.486,,,0.827,,,,,,,,,
Nick Van Exel,PG,28,DEN,79,79,2950,,,0.39,,,0.332,,,0.419,,,0.817,,,,,,,,,
Karl Malone,PF,36,UTA,82,82,2947,,,0.509,,,0.25,,,0.511,,,0.797,,,,,,,,,
Dirk Nowitzki,PF,21,DAL,82,81,2938,,,0.461,,,0.379,,,0.491,,,0.83,,,,,,,,,
Lindsey Hunter,PG,29,DET,82,82,2919,,,0.425,,,0.432,,,0.419,,,0.76,,,,,,,,,
Juwan Howard,PF,26,WAS,82,82,2909,,,0.459,,,0.0,,,0.462,,,0.735,,,,,,,,,
Glenn Robinson,SF,27,MIL,81,81,2909,,,0.472,,,0.363,,,0.493,,,0.802,,,,,,,,,
Bryon Russell,SF,29,UTA,82,70,2900,,,0.446,,,0.396,,,0.467,,,0.75,,,,,,,,,
Sam Cassell,PG,30,MIL,81,81,2899,,,0.466,,,0.289,,,0.481,,,0.876,,,,,,,,,
Stephon Marbury,PG,22,NJN,74,74,2881,,,0.432,,,0.283,,,0.464,,,0.813,,,,,,,,,
Chris Webber,PF,26,SAC,75,75,2880,,,0.483,,,0.284,,,0.496,,,0.751,,,,,,,,,
Tim Duncan,PF,23,SAS,74,74,2875,,,0.49,,,0.091,,,0.494,,,0.761,,,,,,,,,
Eric Snow,PG,26,PHI,82,80,2866,,,0.43,,,0.244,,,0.446,,,0.712,,,,,,,,,
Allen Iverson,SG,24,PHI,70,70,2853,,,0.421,,,0.341,,,0.435,,,0.713,,,,,,,,,
Vin Baker,C,28,SEA,79,75,2849,,,0.455,,,0.25,,,0.457,,,0.682,,,,,,,,,
Rasheed Wallace,PF,25,POR,81,77,2845,,,0.519,,,0.16,,,0.537,,,0.704,,,,,,,,,
Clifford Robinson,SF,33,PHO,80,67,2839,,,0.464,,,0.37,,,0.501,,,0.782,,,,,,,,,
Jamal Mashburn,SF,27,MIA,76,76,2828,,,0.445,,,0.403,,,0.458,,,0.778,,,,,,,,,
Eddie Jones,SG,28,CHH,72,72,2807,,,0.427,,,0.375,,,0.45,,,0.864,,,,,,,,,
Keith Van Horn,PF,24,NJN,80,80,2782,,,0.445,,,0.368,,,0.462,,,0.847,,,,,,,,,
Steve Francis,PG,22,HOU,77,77,2776,,,0.445,,,0.345,,,0.483,,,0.786,,,,,,,,,
Grant Hill,SF,27,DET,74,74,2776,,,0.489,,,0.347,,,0.5,,,0.795,,,,,,,,,
Alan Henderson,PF,27,ATL,82,82,2775,,,0.461,,,0.1,,,0.465,,,0.671,,,,,,,,,
Jim Jackson,SF,29,ATL,79,76,2767,,,0.411,,,0.386,,,0.418,,,0.877,,,,,,,,,
Lamar Odom,SF,20,LAC,76,70,2767,,,0.438,,,0.36,,,0.453,,,0.719,,,,,,,,,
David Wesley,PG,29,CHH,82,82,2760,,,0.426,,,0.355,,,0.451,,,0.778,,,,,,,,,
Jason Williams,PG,24,SAC,81,81,2760,,,0.373,,,0.287,,,0.466,,,0.753,,,,,,,,,
Scottie Pippen,SF,34,POR,82,82,2749,,,0.451,,,0.327,,,0.506,,,0.717,,,,,,,,,
Alonzo Mourning,C,29,MIA,79,78,2748,,,0.551,,,0.0,,,0.553,,,0.711,,,,,,,,,
Brent Barry,SG,28,SEA,80,74,2726,,,0.463,,,0.411,,,0.529,,,0.809,,,,,,,,,
Shandon Anderson,SF,26,HOU,82,82,2700,,,0.473,,,0.351,,,0.523,,,0.767,,,,,,,,,
Antonio McDyess,PF,25,DEN,81,81,2698,,,0.507,,,0.0,,,0.508,,,0.626,,,,,,,,,
Steve Smith,SG,30,POR,82,81,2689,,,0.467,,,0.398,,,0.492,,,0.85,,,,,,,,,
Horace Grant,PF,34,SEA,76,76,2688,,,0.444,,,0.0,,,0.447,,,0.721,,,,,,,,,
Othella Harrington,PF,26,VAN,82,82,2677,,,0.506,,,0.0,,,0.507,,,0.792,,,,,,,,,
Jason Kidd,PG,26,PHO,67,67,2616,,,0.409,,,0.337,,,0.427,,,0.829,,,,,,,,,
Kenny Anderson,PG,29,BOS,82,82,2593,,,0.44,,,0.386,,,0.456,,,0.775,,,,,,,,,
Darrell Armstrong,PG,31,ORL,82,82,2590,,,0.433,,,0.34,,,0.485,,,0.911,,,,,,,,,
Terrell Brandon,PG,29,MIN,71,71,2587,,,0.466,,,0.402,,,0.476,,,0.899,,,,,,,,,
Paul Pierce,SF,22,BOS,73,72,2583,,,0.442,,,0.343,,,0.476,,,0.798,,,,,,,,,
Avery Johnson,PG,34,SAS,82,82,2571,,,0.473,,,0.111,,,0.477,,,0.735,,,,,,,,,
David Robinson,C,34,SAS,80,80,2557,,,0.512,,,0.0,,,0.513,,,0.726,,,,,,,,,
Elden Campbell,C,31,CHH,78,77,2538,,,0.446,,,0.0,,,0.45,,,0.69,,,,,,,,,
Glen Rice,SF,32,LAL,80,80,2530,,,0.43,,,0.367,,,0.449,,,0.874,,,,,,,,,
Kobe Bryant,SG,21,LAL,66,62,2524,,,0.468,,,0.319,,,0.489,,,0.821,,,,,,,,,
Cuttino Mobley,SG,24,HOU,81,8,2496,,,0.43,,,0.356,,,0.46,,,0.847,,,,,,,,,
Michael Olowokandi,C,24,LAC,80,77,2493,,,0.437,,,0.0,,,0.437,,,0.651,,,,,,,,,
Shawn Kemp,C,30,CLE,82,82,2492,,,0.417,,,0.333,,,0.418,,,0.776,,,,,,,,,
Antonio Davis,C,31,TOR,79,78,2479,,,0.44,,,0.0,,,0.44,,,0.765,,,,,,,,,
Tracy McGrady,SF,20,TOR,79,34,2462,,,0.451,,,0.277,,,0.463,,,0.707,,,,,,,,,
Mookie Blaylock,PG,32,GSW,73,72,2459,,,0.391,,,0.336,,,0.422,,,0.705,,,,,,,,,
Christian Laettner,C,30,DET,82,82,2443,,,0.473,,,0.292,,,0.479,,,0.812,,,,,,,,,
Raef LaFrentz,C,23,DEN,81,80,2435,,,0.446,,,0.328,,,0.477,,,0.686,,,,,,,,,
John Stockton,PG,37,UTA,82,82,2432,,,0.501,,,0.355,,,0.53,,,0.86,,,,,,,,,
Charles Oakley,PF,36,TOR,80,80,2431,,,0.418,,,0.341,,,0.424,,,0.776,,,,,,,,,
George Lynch,SF,29,PHI,75,75,2416,,,0.461,,,0.417,,,0.464,,,0.617,,,,,,,,,
Mitch Richmond,SG,34,WAS,74,69,2397,,,0.426,,,0.386,,,0.438,,,0.876,,,,,,,,,
Malik Sealy,SF,29,MIN,82,61,2392,,,0.476,,,0.286,,,0.485,,,0.812,,,,,,,,,
Ron Mercer,SG,23,2TM,68,68,2377,,,0.426,,,0.313,,,0.431,,,0.789,,,,,,,,,
Ron Mercer,SG,23,DEN,37,37,1408,,,0.444,,,0.385,,,0.449,,,0.788,,,,,,,,,
Ron Mercer,SG,23,ORL,31,31,969,,,0.402,,,0.0,,,0.41,,,0.79,,,,,,,,,
Vlade Divac,C,31,SAC,82,81,2374,,,0.503,,,0.269,,,0.511,,,0.691,,,,,,,,,
Damon Stoudamire,PG,26,POR,78,78,2372,,,0.432,,,0.377,,,0.449,,,0.841,,,,,,,,,
Lamond Murray,SF,26,CLE,74,72,2365,,,0.451,,,0.367,,,0.465,,,0.761,,,,,,,,,
Kendall Gill,SF,31,NJN,76,75,2355,,,0.414,,,0.256,,,0.428,,,0.71,,,,,,,,,
Derrick Coleman,PF,32,CHH,74,64,2347,,,0.456,,,0.362,,,0.471,,,0.785,,,,,,,,,
Bo Outlaw,PF,28,ORL,82,55,2326,,,0.602,,,0.0,,,0.607,,,0.506,,,,,,,,,
Larry Hughes,SG,21,2TM,82,37,2324,,,0.4,,,0.232,,,0.421,,,0.74,,,,,,,,,
Larry Hughes,SG,21,PHI,50,5,1018,,,0.416,,,0.216,,,0.441,,,0.746,,,,,,,,,
Larry Hughes,SG,21,GSW,32,32,1306,,,0.389,,,0.243,,,0.407,,,0.736,,,,,,,,,
Tyrone Nesby,SG,24,LAC,73,39,2317,,,0.398,,,0.335,,,0.426,,,0.791,,,,,,,,,
Dan Majerle,SG,34,MIA,69,69,2308,,,0.403,,,0.362,,,0.508,,,0.812,,,,,,,,,
P.J. Brown,PF,30,MIA,80,80,2302,,,0.48,,,0.0,,,0.481,,,0.755,,,,,,,,,
Rodney Rogers,PF,28,PHO,82,7,2286,,,0.486,,,0.439,,,0.506,,,0.639,,,,,,,,,
Larry Johnson,PF,30,NYK,70,68,2281,,,0.433,,,0.333,,,0.469,,,0.766,,,,,,,,,
Doug Christie,SG,29,TOR,73,73,2264,,,0.407,,,0.36,,,0.434,,,0.843,,,,,,,,,
Anfernee Hardaway,SG,28,PHO,60,60,2253,,,0.474,,,0.324,,,0.496,,,0.79,,,,,,,,,
Jamie Feick,C,25,NJN,81,17,2241,,,0.428,,,1.0,,,0.424,,,0.707,,,,,,,,,
Metta World Peace,SF,20,CHI,72,63,2238,,,0.407,,,0.314,,,0.438,,,0.674,,,,,,,,,
Maurice Taylor,PF,23,LAC,62,60,2227,,,0.464,,,0.125,,,0.466,,,0.711,,,,,,,,,
Mario Elie,SF,36,SAS,79,79,2217,,,0.427,,,0.398,,,0.446,,,0.846,,,,,,,,,
Bob Sura,SG,26,CLE,73,45,2216,,,0.437,,,0.367,,,0.484,,,0.697,,,,,,,,,
Derek Anderson,SG,25,LAC,64,58,2201,,,0.438,,,0.309,,,0.472,,,0.877,,,,,,,,,
Mark Jackson,PG,34,IND,81,81,2190,,,0.432,,,0.403,,,0.45,,,0.806,,,,,,,,,
Rod Strickland,PG,33,WAS,69,67,2188,,,0.429,,,0.048,,,0.44,,,0.702,,,,,,,,,
Wally Szczerbiak,SF,22,MIN,73,53,2171,,,0.511,,,0.359,,,0.531,,,0.826,,,,,,,,,
Jason Caffey,PF,26,GSW,71,56,2159,,,0.479,,,0.0,,,0.48,,,0.597,,,,,,,,,
Tyrone Hill,PF,31,PHI,68,65,2155,,,0.485,,,0.0,,,0.485,,,0.691,,,,,,,,,
Jeff Hornacek,SG,36,UTA,77,77,2133,,,0.492,,,0.478,,,0.495,,,0.95,,,,,,,,,
Ervin Johnson,C,32,MIL,80,74,2129,,,0.516,,,0.0,,,0.518,,,0.605,,,,,,,,,
Dale Davis,C,30,IND,74,72,2127,,,0.502,,,0.0,,,0.502,,,0.685,,,,,,,,,
George McCloud,SF,32,DEN,78,11,2118,,,0.417,,,0.378,,,0.448,,,0.818,,,,,,,,,
Jerome Williams,PF,26,DET,82,1,2102,,,0.564,,,0.0,,,0.567,,,0.616,,,,,,,,,
Ruben Patterson,SF,24,SEA,81,74,2097,,,0.536,,,0.444,,,0.539,,,0.692,,,,,,,,,
Howard Eisley,PG,27,UTA,82,5,2096,,,0.418,,,0.368,,,0.434,,,0.824,,,,,,,,,
Nick Anderson,SG,32,SAC,72,72,2094,,,0.391,,,0.332,,,0.452,,,0.487,,,,,,,,,
Andre Miller,PG,23,CLE,82,36,2093,,,0.449,,,0.204,,,0.466,,,0.774,,,,,,,,,
Tim Thomas,SF,22,MIL,80,1,2093,,,0.461,,,0.346,,,0.497,,,0.774,,,,,,,,,
Isaiah Rider,SG,28,ATL,60,47,2084,,,0.419,,,0.311,,,0.441,,,0.785,,,,,,,,,
Anthony Peeler,SG,30,MIN,82,22,2073,,,0.436,,,0.333,,,0.491,,,0.798,,,,,,,,,
Donyell Marshall,PF,26,GSW,64,51,2071,,,0.394,,,0.355,,,0.402,,,0.78,,,,,,,,,
Cedric Ceballos,SF,30,DAL,69,25,2064,,,0.446,,,0.328,,,0.464,,,0.843,,,,,,,,,
Wesley Person,SG,28,CLE,79,38,2056,,,0.428,,,0.424,,,0.431,,,0.792,,,,,,,,,
James Posey,SF,23,DEN,81,77,2052,,,0.429,,,0.373,,,0.468,,,0.8,,,,,,,,,
Ron Harper,PG,36,LAL,80,78,2042,,,0.399,,,0.311,,,0.421,,,0.68,,,,,,,,,
Patrick Ewing,C,37,NYK,62,62,2035,,,0.466,,,0.0,,,0.467,,,0.731,,,,,,,,,
Erick Strickland,SG,26,DAL,68,67,2025,,,0.433,,,0.392,,,0.447,,,0.831,,,,,,,,,
Charlie Ward,PG,29,NYK,72,69,1986,,,0.423,,,0.386,,,0.475,,,0.828,,,,,,,,,
Joe Smith,C,24,MIN,78,9,1975,,,0.464,,,1.0,,,0.463,,,0.756,,,,,,,,,
Kurt Thomas,PF,27,NYK,80,21,1971,,,0.505,,,0.333,,,0.506,,,0.781,,,,,,,,,
Ben Wallace,PF,25,ORL,81,81,1959,,,0.503,,,0.0,,,0.503,,,0.474,,,,,,,,,
Aaron McKie,SG,27,PHI,82,14,1952,,,0.411,,,0.364,,,0.424,,,0.829,,,,,,,,,
A.C. Green,PF,36,LAL,82,82,1929,,,0.447,,,0.25,,,0.449,,,0.695,,,,,,,,,
Adrian Griffin,SG,25,BOS,72,47,1927,,,0.424,,,0.281,,,0.447,,,0.753,,,,,,,,,
Bimbo Coles,PG,31,ATL,80,54,1924,,,0.455,,,0.205,,,0.472,,,0.817,,,,,,,,,
Shawn Bradley,C,27,DAL,77,54,1901,,,0.479,,,0.2,,,0.482,,,0.765,,,,,,,,,
Kerry Kittles,SG,25,NJN,62,61,1896,,,0.437,,,0.4,,,0.456,,,0.795,,,,,,,,,
Jason Terry,PG,22,ATL,81,27,1888,,,0.415,,,0.293,,,0.458,,,0.807,,,,,,,,,
Austin Croshere,PF,24,IND,81,14,1885,,,0.441,,,0.362,,,0.47,,,0.848,,,,,,,,,
Anthony Carter,PG,24,MIA,79,30,1859,,,0.395,,,0.13,,,0.407,,,0.75,,,,,,,,,
Walt Williams,SF,29,HOU,76,66,1859,,,0.458,,,0.391,,,0.5,,,0.821,,,,,,,,,
Rik Smits,C,33,IND,79,79,1852,,,0.484,,,0.0,,,0.485,,,0.739,,,,,,,,,
Keon Clark,C,24,DEN,81,20,1850,,,0.542,,,0.125,,,0.548,,,0.688,,,,,,,,,
Terry Mills,PF,32,DET,82,78,1842,,,0.439,,,0.393,,,0.484,,,0.735,,,,,,,,,
Andrew DeClercq,C,26,CLE,82,31,1831,,,0.508,,,0.0,,,0.508,,,0.588,,,,,,,,,
Tracy Murray,SF,28,WAS,80,8,1831,,,0.433,,,0.43,,,0.435,,,0.851,,,,,,,,,
Olden Polynice,C,35,UTA,82,79,1819,,,0.51,,,0.5,,,0.51,,,0.311,,,,,,,,,
Hubert Davis,PG,29,DAL,79,15,1817,,,0.468,,,0.491,,,0.455,,,0.87,,,,,,,,,
Chris Gatling,PF,32,2TM,85,0,1811,,,0.455,,,0.257,,,0.474,,,0.713,,,,,,,,,
Chris Gatling,PF,32,ORL,45,0,1041,,,0.455,,,0.304,,,0.462,,,0.698,,,,,,,,,
Chris Gatling,PF,32,DEN,40,0,770,,,0.456,,,0.234,,,0.491,,,0.742,,,,,,,,,
Derek Fisher,PG,25,LAL,78,22,1803,,,0.346,,,0.313,,,0.363,,,0.724,,,,,,,,,
Vitaly Potapenko,C,24,BOS,79,72,1797,,,0.499,,,0.0,,,0.5,,,0.681,,,,,,,,,
Kenny Thomas,PF,22,HOU,72,29,1797,,,0.399,,,0.262,,,0.44,,,0.66,,,,,,,,,
Theo Ratliff,PF,26,PHI,57,56,1795,,,0.503,,,0.0,,,0.503,,,0.771,,,,,,,,,
Vonteego Cummings,PG,23,GSW,75,11,1793,,,0.405,,,0.325,,,0.429,,,0.751,,,,,,,,,
Toni Kukoč,SF,31,2TM,56,31,1784,,,0.408,,,0.262,,,0.452,,,0.725,,,,,,,,,
Toni Kukoč,SF,31,CHI,24,23,868,,,0.381,,,0.231,,,0.419,,,0.761,,,,,,,,,
Toni Kukoč,SF,31,PHI,32,8,916,,,0.438,,,0.289,,,0.492,,,0.673,,,,,,,,,
Bryant Reeves,C,26,VAN,69,67,1773,,,0.448,,,0.0,,,0.452,,,0.648,,,,,,,,,
Tom Gugliotta,PF,30,PHO,54,54,1767,,,0.481,,,0.125,,,0.485,,,0.775,,,,,,,,,
Johnny Newman,SF,36,NJN,82,9,1763,,,0.446,,,0.379,,,0.476,,,0.838,,,,,,,,,
Brevin Knight,PG,24,CLE,65,46,1754,,,0.412,,,0.2,,,0.416,,,0.761,,,,,,,,,
Peja Stojaković,SF,22,SAC,74,11,1749,,,0.448,,,0.375,,,0.491,,,0.882,,,,,,,,,
Muggsy Bogues,PG,35,TOR,80,5,1731,,,0.439,,,0.333,,,0.456,,,0.908,,,,,,,,,
Rasho Nesterović,C,23,MIN,82,55,1723,,,0.476,,,0.0,,,0.478,,,0.573,,,,,,,,,
Mark Bryant,PF,34,CLE,75,50,1712,,,0.503,,,0.0,,,0.503,,,0.809,,,,,,,,,
Eric Piatkowski,SF,29,LAC,75,23,1712,,,0.415,,,0.383,,,0.439,,,0.85,,,,,,,,,
Corliss Williamson,SF,26,SAC,76,76,1707,,,0.5,,,0.0,,,0.5,,,0.769,,,,,,,,,
Travis Best,PG,27,IND,82,0,1691,,,0.483,,,0.376,,,0.504,,,0.821,,,,,,,,,
Jaren Jackson,SG,32,SAS,81,12,1691,,,0.381,,,0.353,,,0.429,,,0.647,,,,,,,,,
Arvydas Sabonis,C,35,POR,66,61,1688,,,0.505,,,0.368,,,0.509,,,0.843,,,,,,,,,
Robert Horry,PF,29,LAL,76,0,1685,,,0.438,,,0.309,,,0.483,,,0.788,,,,,,,,,
John Amaechi,C,29,ORL,80,53,1684,,,0.437,,,0.167,,,0.439,,,0.766,,,,,,,,,
Kevin Willis,PF,37,TOR,79,1,1679,,,0.415,,,0.333,,,0.415,,,0.799,,,,,,,,,
Chris Childs,PG,32,NYK,71,2,1675,,,0.409,,,0.356,,,0.431,,,0.797,,,,,,,,,
Tim Hardaway,PG,33,MIA,52,52,1672,,,0.386,,,0.367,,,0.398,,,0.827,,,,,,,,,
Detlef Schrempf,SF,37,POR,77,6,1662,,,0.432,,,0.404,,,0.436,,,0.833,,,,,,,,,
Adonal Foyle,C,24,GSW,76,59,1654,,,0.508,,,0.0,,,0.508,,,0.378,,,,,,,,,
Dickey Simpkins,PF,27,CHI,69,48,1651,,,0.405,,,0.0,,,0.407,,,0.542,,,,,,,,,
Chris Whitney,PG,28,WAS,82,15,1627,,,0.417,,,0.376,,,0.455,,,0.848,,,,,,,,,
Chucky Atkins,PG,25,ORL,82,0,1626,,,0.424,,,0.35,,,0.445,,,0.729,,,,,,,,,
Randy Brown,PG,31,CHI,59,55,1625,,,0.361,,,0.5,,,0.359,,,0.738,,,,,,,,,
Hersey Hawkins,SG,33,CHI,61,49,1622,,,0.424,,,0.39,,,0.444,,,0.899,,,,,,,,,
Sam Perkins,PF,38,IND,81,0,1620,,,0.417,,,0.408,,,0.426,,,0.825,,,,,,,,,
Clarence Weatherspoon,PF,29,MIA,78,2,1615,,,0.513,,,0.0,,,0.513,,,0.738,,,,,,,,,
Terry Porter,PG,36,SAS,68,8,1613,,,0.447,,,0.435,,,0.457,,,0.806,,,,,,,,,
Michael Curry,SG,31,DET,82,3,1611,,,0.48,,,0.2,,,0.484,,,0.839,,,,,,,,,
Greg Ostertag,C,26,UTA,81,3,1606,,,0.464,,,0.0,,,0.466,,,0.636,,,,,,,,,
Troy Hudson,PG,23,LAC,62,38,1592,,,0.377,,,0.311,,,0.414,,,0.811,,,,,,,,,
Kelvin Cato,C,25,HOU,65,32,1581,,,0.537,,,0.0,,,0.543,,,0.649,,,,,,,,,
Tariq Abdul-Wahad,SG,25,2TM,61,56,1578,,,0.424,,,0.13,,,0.435,,,0.756,,,,,,,,,
Tariq Abdul-Wahad,SG,25,ORL,46,46,1205,,,0.433,,,0.095,,,0.447,,,0.762,,,,,,,,,
Tariq Abdul-Wahad,SG,25,DEN,15,10,373,,,0.389,,,0.5,,,0.388,,,0.738,,,,,,,,,
Rashard Lewis,SF,20,SEA,82,8,1575,,,0.486,,,0.333,,,0.527,,,0.683,,,,,,,,,
Antawn Jamison,SF,23,GSW,43,41,1556,,,0.471,,,0.286,,,0.473,,,0.611,,,,,,,,,
Greg Anthony,PG,32,POR,82,3,1548,,,0.406,,,0.378,,,0.443,,,0.772,,,,,,,,,
Marcus Camby,C,25,NYK,59,11,1548,,,0.48,,,0.5,,,0.48,,,0.67,,,,,,,,,
Aaron Williams,PF,28,WAS,81,0,1545,,,0.522,,,0.0,,,0.526,,,0.726,,,,,,,,,
Jahidi White,C,23,WAS,80,59,1537,,,0.507,,,0.0,,,0.507,,,0.536,,,,,,,,,
Steve Nash,PG,25,DAL,56,27,1532,,,0.477,,,0.403,,,0.528,,,0.882,,,,,,,,,
Baron Davis,PG,20,CHH,82,0,1523,,,0.42,,,0.225,,,0.488,,,0.634,,,,,,,,,
Lucious Harris,SG,29,NJN,77,11,1510,,,0.428,,,0.33,,,0.46,,,0.798,,,,,,,,,
Tony Battie,C,23,BOS,82,4,1505,,,0.477,,,0.125,,,0.483,,,0.675,,,,,,,,,
Monty Williams,SF,28,ORL,75,23,1501,,,0.489,,,0.4,,,0.49,,,0.741,,,,,,,,,
Scott Williams,C,31,MIL,68,46,1488,,,0.5,,,0.0,,,0.5,,,0.729,,,,,,,,,
Pat Garrity,SF,23,ORL,82,1,1479,,,0.441,,,0.401,,,0.461,,,0.721,,,,,,,,,
Rick Fox,SF,30,LAL,82,1,1473,,,0.414,,,0.326,,,0.464,,,0.808,,,,,,,,,
Voshon Lenard,SG,26,MIA,53,13,1434,,,0.407,,,0.39,,,0.419,,,0.792,,,,,,,,,
Luc Longley,C,31,PHO,72,68,1417,,,0.466,,,0.0,,,0.466,,,0.825,,,,,,,,,
Matt Geiger,C,30,PHI,65,20,1406,,,0.441,,,0.0,,,0.444,,,0.779,,,,,,,,,
Eric Williams,SF,27,BOS,68,17,1378,,,0.427,,,0.347,,,0.446,,,0.793,,,,,,,,,
Richard Hamilton,SG,21,WAS,71,12,1373,,,0.42,,,0.364,,,0.428,,,0.774,,,,,,,,,
Corey Maggette,SF,20,ORL,77,5,1370,,,0.478,,,0.182,,,0.485,,,0.751,,,,,,,,,
Malik Rose,PF,25,SAS,74,3,1341,,,0.457,,,0.333,,,0.458,,,0.722,,,,,,,,,
Scot Pollard,C,24,SAC,76,5,1336,,,0.527,,,0.0,,,0.527,,,0.717,,,,,,,,,
Scott Burrell,SF,29,NJN,74,9,1336,,,0.394,,,0.353,,,0.444,,,0.78,,,,,,,,,
Michael Doleac,C,22,ORL,81,29,1335,,,0.452,,,0.5,,,0.452,,,0.842,,,,,,,,,
Danny Ferry,PF,33,CLE,63,3,1326,,,0.497,,,0.44,,,0.511,,,0.912,,,,,,,,,
Brian Grant,PF,27,POR,63,14,1322,,,0.491,,,0.5,,,0.491,,,0.675,,,,,,,,,
Jerome Kersey,SF,37,SAS,72,18,1310,,,0.412,,,0.0,,,0.423,,,0.707,,,,,,,,,
Calbert Cheaney,SG,28,BOS,67,19,1309,,,0.44,,,0.333,,,0.466,,,0.429,,,,,,,,,
LaPhonso Ellis,PF,29,ATL,58,8,1309,,,0.45,,,0.143,,,0.465,,,0.695,,,,,,,,,
Billy Owens,SF,30,2TM,62,11,1305,,,0.419,,,0.324,,,0.429,,,0.594,,,,,,,,,
Billy Owens,PF,30,PHI,46,7,919,,,0.434,,,0.333,,,0.446,,,0.594,,,,,,,,,
Billy Owens,SF,30,GSW,16,4,386,,,0.38,,,0.286,,,0.387,,,0.595,,,,,,,,,
Bryce Drew,PG,25,HOU,72,5,1293,,,0.383,,,0.362,,,0.396,,,0.849,,,,,,,,,
Jon Barry,SG,30,SAC,62,1,1281,,,0.465,,,0.429,,,0.495,,,0.922,,,,,,,,,
Dennis Scott,SF,31,VAN,66,0,1263,,,0.375,,,0.376,,,0.375,,,0.842,,,,,,,,,
Shawn Marion,SF,21,PHO,51,38,1260,,,0.471,,,0.182,,,0.486,,,0.847,,,,,,,,,
Brian Shaw,SG,33,LAL,74,2,1249,,,0.382,,,0.31,,,0.398,,,0.759,,,,,,,,,
Sam Mitchell,SF,36,MIN,66,24,1227,,,0.447,,,0.435,,,0.448,,,0.88,,,,,,,,,
Danny Manning,PF,33,MIL,72,0,1217,,,0.44,,,0.25,,,0.442,,,0.654,,,,,,,,,
Vinny Del Negro,PG,33,MIL,67,0,1211,,,0.471,,,0.333,,,0.482,,,0.897,,,,,,,,,
Lorenzen Wright,C,24,ATL,75,0,1205,,,0.499,,,0.333,,,0.5,,,0.644,,,,,,,,,
Tony Farmer,PF,30,GSW,74,9,1199,,,0.407,,,0.182,,,0.444,,,0.766,,,,,,,,,
Antonio Daniels,SG,24,SAS,68,1,1195,,,0.474,,,0.333,,,0.507,,,0.713,,,,,,,,,
John Starks,SG,34,2TM,37,30,1190,,,0.375,,,0.345,,,0.388,,,0.847,,,,,,,,,
John Starks,SG,34,GSW,33,30,1108,,,0.378,,,0.348,,,0.392,,,0.833,,,,,,,,,
John Starks,SG,34,CHI,4,0,82,,,0.324,,,0.3,,,0.333,,,1.0,,,,,,,,,
Matt Maloney,PG,28,CHI,51,12,1175,,,0.358,,,0.356,,,0.361,,,0.822,,,,,,,,,
Isaac Austin,C,30,WAS,59,23,1173,,,0.429,,,0.25,,,0.431,,,0.686,,,,,,,,,
Chris Carr,SF,25,2TM,57,2,1166,,,0.395,,,0.317,,,0.415,,,0.856,,,,,,,,,
Chris Carr,SG,25,GSW,7,0,74,,,0.333,,,0.125,,,0.4,,,0.842,,,,,,,,,
Chris Carr,SF,25,CHI,50,2,1092,,,0.4,,,0.333,,,0.416,,,0.858,,,,,,,,,
Bonzi Wells,SF,23,POR,66,0,1162,,,0.492,,,0.377,,,0.506,,,0.682,,,,,,,,,
Michael Smith,SF,27,WAS,46,46,1145,,,0.563,,,0.0,,,0.565,,,0.723,,,,,,,,,
Dana Barros,PG,32,BOS,72,0,1139,,,0.451,,,0.41,,,0.471,,,0.868,,,,,,,,,
Eddie Robinson,SF,23,CHH,67,8,1112,,,0.549,,,0.0,,,0.555,,,0.734,,,,,,,,,
Cedric Henderson,SF,24,CLE,61,7,1107,,,0.396,,,0.067,,,0.412,,,0.663,,,,,,,,,
Carlos Rogers,C,28,HOU,53,15,1101,,,0.525,,,0.071,,,0.545,,,0.591,,,,,,,,,
Chucky Brown,PF,31,2TM,63,29,1096,,,0.451,,,0.2,,,0.459,,,0.692,,,,,,,,,
Chucky Brown,PF,31,SAS,30,27,602,,,0.466,,,0.333,,,0.468,,,0.806,,,,,,,,,
Chucky Brown,PF,31,CHH,33,2,494,,,0.434,,,0.143,,,0.448,,,0.524,,,,,,,,,
Dell Curry,SG,35,TOR,67,9,1095,,,0.427,,,0.393,,,0.467,,,0.75,,,,,,,,,
Oliver Miller,C,29,PHO,51,9,1088,,,0.588,,,0.0,,,0.588,,,0.671,,,,,,,,,
Randy Livingston,PG,24,PHO,79,15,1081,,,0.416,,,0.345,,,0.428,,,0.839,,,,,,,,,
Gerard King,SF,27,WAS,62,28,1060,,,0.502,,,0.0,,,0.502,,,0.742,,,,,,,,,
Hakeem Olajuwon,C,37,HOU,44,28,1049,,,0.458,,,0.0,,,0.461,,,0.616,,,,,,,,,
Jim McIlvaine,C,27,NJN,66,53,1048,,,0.416,,,0.0,,,0.416,,,0.518,,,,,,,,,
Bobby Jackson,PG,26,MIN,73,10,1034,,,0.405,,,0.283,,,0.423,,,0.776,,,,,,,,,
Lawrence Funderburke,PF,29,SAC,75,1,1026,,,0.523,,,0.0,,,0.526,,,0.706,,,,,,,,,
Matt Bullard,PF,32,HOU,56,27,1024,,,0.409,,,0.446,,,0.368,,,0.833,,,,,,,,,
Will Perdue,C,34,CHI,67,15,1012,,,0.351,,,0.0,,,0.351,,,0.476,,,,,,,,,
Chris Anstey,C,25,CHI,73,11,1007,,,0.442,,,0.167,,,0.447,,,0.789,,,,,,,,,
Sean Rooks,C,30,DAL,71,13,1001,,,0.431,,,0.0,,,0.431,,,0.73,,,,,,,,,
Vernon Maxwell,SG,34,SEA,47,0,989,,,0.345,,,0.3,,,0.382,,,0.73,,,,,,,,,
Samaki Walker,PF,23,SAS,71,7,980,,,0.449,,,0.0,,,0.449,,,0.683,,,,,,,,,
Michael Ruffin,PF,23,CHI,71,6,975,,,0.42,,,0.0,,,0.42,,,0.489,,,,,,,,,
Brad Miller,C,23,CHH,55,4,961,,,0.461,,,0.0,,,0.464,,,0.785,,,,,,,,,
Rex Chapman,SG,32,PHO,53,19,957,,,0.388,,,0.333,,,0.421,,,0.756,,,,,,,,,
Todd Day,SG,30,PHO,58,1,941,,,0.394,,,0.388,,,0.4,,,0.667,,,,,,,,,
Tyrone Corbin,SF,37,SAC,54,5,941,,,0.356,,,0.227,,,0.384,,,0.846,,,,,,,,,
John Crotty,PG,30,DET,69,0,937,,,0.422,,,0.413,,,0.427,,,0.86,,,,,,,,,
Greg Buckner,SG,23,DAL,48,1,923,,,0.476,,,0.385,,,0.488,,,0.683,,,,,,,,,
Grant Long,PF,33,VAN,42,1,920,,,0.443,,,0.0,,,0.454,,,0.775,,,,,,,,,
Quincy Lewis,SG,22,UTA,74,0,896,,,0.372,,,0.365,,,0.374,,,0.731,,,,,,,,,
Darrick Martin,PG,28,SAC,71,1,893,,,0.38,,,0.306,,,0.42,,,0.824,,,,,,,,,
Jacque Vaughn,PG,24,UTA,78,0,884,,,0.416,,,0.412,,,0.417,,,0.75,,,,,,,,,
Walter McCarty,PF,25,BOS,61,5,879,,,0.339,,,0.309,,,0.367,,,0.722,,,,,,,,,
Bruce Bowen,SF,28,2TM,69,2,878,,,0.371,,,0.466,,,0.331,,,0.581,,,,,,,,,
Bruce Bowen,SF,28,PHI,42,0,311,,,0.356,,,0.5,,,0.352,,,0.5,,,,,,,,,
Bruce Bowen,SF,28,MIA,27,2,567,,,0.38,,,0.464,,,0.308,,,0.613,,,,,,,,,
Corey Benjamin,SG,21,CHI,48,10,862,,,0.414,,,0.348,,,0.437,,,0.598,,,,,,,,,
Roshown McLeod,SF,24,ATL,44,20,860,,,0.395,,,0.154,,,0.404,,,0.771,,,,,,,,,
Jermaine O'Neal,C,21,POR,70,8,859,,,0.486,,,0.0,,,0.489,,,0.582,,,,,,,,,
Danny Fortson,PF,23,BOS,55,5,856,,,0.528,,,0.0,,,0.528,,,0.735,,,,,,,,,
Al Harrington,PF,19,IND,50,0,854,,,0.458,,,0.235,,,0.491,,,0.703,,,,,,,,,
Fred Hoiberg,SG,27,CHI,31,11,845,,,0.387,,,0.34,,,0.419,,,0.908,,,,,,,,,
Bobby Phills,SG,30,CHH,28,9,825,,,0.454,,,0.33,,,0.5,,,0.723,,,,,,,,,
Keith Closs,C,23,LAC,57,6,820,,,0.487,,,0.0,,,0.495,,,0.59,,,,,,,,,
Cherokee Parks,C,27,VAN,56,14,808,,,0.497,,,0.0,,,0.5,,,0.649,,,,,,,,,
Elliot Perry,PG,30,NJN,60,5,803,,,0.435,,,0.282,,,0.459,,,0.806,,,,,,,,,
John Wallace,SF,25,NYK,60,0,798,,,0.467,,,0.0,,,0.471,,,0.804,,,,,,,,,
Darvin Ham,SF,26,MIL,35,21,792,,,0.555,,,0.0,,,0.559,,,0.449,,,,,,,,,
Armen Gilliam,PF,35,UTA,50,0,782,,,0.436,,,0.0,,,0.438,,,0.779,,,,,,,,,
Felipe López,SG,25,VAN,65,0,781,,,0.425,,,0.167,,,0.444,,,0.615,,,,,,,,,
Alvin Williams,PG,25,TOR,55,28,779,,,0.397,,,0.291,,,0.422,,,0.738,,,,,,,,,
Otis Thorpe,PF,37,MIA,51,1,777,,,0.514,,,0.0,,,0.521,,,0.604,,,,,,,,,
Brian Skinner,PF,23,LAC,33,9,775,,,0.507,,,0.0,,,0.507,,,0.662,,,,,,,,,
Jelani McCoy,C,22,SEA,58,2,746,,,0.576,,,0.0,,,0.576,,,0.495,,,,,,,,,
Greg Foster,PF,31,SEA,60,5,718,,,0.406,,,0.2,,,0.421,,,0.643,,,,,,,,,
Emanual Davis,PG,31,SEA,54,2,701,,,0.364,,,0.301,,,0.419,,,0.684,,,,,,,,,
Eric Murdock,PG,31,LAC,40,15,693,,,0.385,,,0.381,,,0.387,,,0.638,,,,,,,,,
Stacey Augmon,SG,31,POR,59,0,692,,,0.474,,,0.0,,,0.48,,,0.673,,,,,,,,,
Bryant Stith,SG,29,DEN,45,6,691,,,0.455,,,0.304,,,0.519,,,0.831,,,,,,,,,
Tony Delk,PG,26,SAC,46,1,682,,,0.43,,,0.225,,,0.464,,,0.797,,,,,,,,,
Sam Jacobson,PG,24,2TM,52,5,681,,,0.509,,,0.375,,,0.527,,,0.732,,,,,,,,,
Sam Jacobson,PG,24,LAL,3,0,18,,,0.556,,,0.0,,,0.556,,,0.0,,,,,,,,,
Sam Jacobson,PG,24,GSW,49,5,663,,,0.507,,,0.375,,,0.525,,,0.769,,,,,,,,,
Dee Brown,PG,31,TOR,38,12,673,,,0.36,,,0.358,,,0.366,,,0.688,,,,,,,,,
Chris Crawford,PF,24,ATL,55,11,668,,,0.397,,,0.259,,,0.416,,,0.778,,,,,,,,,
Robert Pack,PG,30,DAL,29,22,665,,,0.417,,,0.364,,,0.42,,,0.808,,,,,,,,,
Mark Strickland,SF,29,MIA,58,5,663,,,0.545,,,0.0,,,0.545,,,0.714,,,,,,,,,
Charles Jones,PG,24,LAC,56,0,662,,,0.328,,,0.331,,,0.325,,,0.739,,,,,,,,,
Jud Buechler,SF,31,DET,58,5,657,,,0.353,,,0.217,,,0.507,,,0.286,,,,,,,,,
Chris Mills,SF,30,GSW,20,11,649,,,0.421,,,0.267,,,0.439,,,0.81,,,,,,,,,
Anthony Johnson,PG,25,2TM,56,6,637,,,0.378,,,0.182,,,0.392,,,0.718,,,,,,,,,
Anthony Johnson,PG,25,ATL,38,2,423,,,0.35,,,0.167,,,0.361,,,0.792,,,,,,,,,
Anthony Johnson,PG,25,ORL,18,4,214,,,0.426,,,0.2,,,0.446,,,0.6,,,,,,,,,
Derrick McKey,SF,33,IND,32,0,634,,,0.398,,,0.435,,,0.388,,,0.768,,,,,,,,,
Charles Barkley,PF,36,HOU,20,18,620,,,0.477,,,0.231,,,0.51,,,0.645,,,,,,,,,
Damon Jones,PG,23,2TM,55,1,612,,,0.385,,,0.36,,,0.415,,,0.667,,,,,,,,,
Damon Jones,PG,23,GSW,13,1,196,,,0.463,,,0.478,,,0.452,,,0.778,,,,,,,,,
Damon Jones,PG,23,DAL,42,0,416,,,0.357,,,0.33,,,0.397,,,0.641,,,,,,,,,
Adam Keefe,C,29,UTA,62,3,604,,,0.408,,,0.0,,,0.411,,,0.806,,,,,,,,,
Dean Garrett,C,33,MIN,56,23,604,,,0.444,,,0.0,,,0.444,,,0.692,,,,,,,,,
J.R. Reid,PF,31,MIL,34,7,602,,,0.417,,,0.143,,,0.433,,,0.768,,,,,,,,,
Pete Chilcutt,PF,31,3TM,56,2,601,,,0.417,,,0.231,,,0.465,,,1.0,,,,,,,,,
Pete Chilcutt,PF,31,UTA,26,0,224,,,0.355,,,0.1,,,0.404,,,1.0,,,,,,,,,
Pete Chilcutt,PF,31,CLE,6,0,30,,,0.0,,,0.0,,,0.0,,,0.0,,,,,,,,,
Pete Chilcutt,PF,31,LAC,24,2,347,,,0.492,,,0.313,,,0.553,,,1.0,,,,,,,,,
Chris Herren,PG,24,DEN,45,1,597,,,0.363,,,0.358,,,0.368,,,0.675,,,,,,,,,
Jeff McInnis,PG,25,LAC,25,10,597,,,0.43,,,0.333,,,0.442,,,0.765,,,,,,,,,
Ryan Bowen,SF,24,DEN,52,0,589,,,0.393,,,0.111,,,0.417,,,0.717,,,,,,,,,
B.J. Armstrong,PG,32,CHI,27,18,583,,,0.446,,,0.448,,,0.446,,,0.88,,,,,,,,,
Chris Mullin,SG,36,IND,47,2,582,,,0.428,,,0.409,,,0.455,,,0.902,,,,,,,,,
Doug West,SG,32,VAN,38,0,581,,,0.407,,,0.0,,,0.415,,,0.85,,,,,,,,,
Ricky Davis,SG,20,CHH,48,4,570,,,0.503,,,0.0,,,0.514,,,0.765,,,,,,,,,
Dale Ellis,SG,39,2TM,42,5,564,,,0.415,,,0.37,,,0.492,,,0.692,,,,,,,,,
Dale Ellis,SG,39,MIL,18,0,324,,,0.465,,,0.354,,,0.667,,,0.667,,,,,,,,,
Dale Ellis,SG,39,CHH,24,5,240,,,0.328,,,0.4,,,0.217,,,0.75,,,,,,,,,
Todd MacCulloch,C,24,PHI,56,6,528,,,0.553,,,0.0,,,0.553,,,0.519,,,,,,,,,
Shammond Williams,PG,24,SEA,43,5,517,,,0.373,,,0.296,,,0.417,,,0.647,,,,,,,,,
Dedric Willoughby,PG,25,CHI,25,1,508,,,0.341,,,0.296,,,0.395,,,0.765,,,,,,,,,
Moochie Norris,PG,26,HOU,30,0,502,,,0.434,,,0.414,,,0.438,,,0.781,,,,,,,,,
Don Reid,PF,26,2TM,38,3,498,,,0.536,,,0.0,,,0.536,,,0.706,,,,,,,,,
Don Reid,PF,26,DET,21,3,165,,,0.471,,,0.0,,,0.471,,,0.5,,,,,,,,,
Don Reid,PF,26,WAS,17,0,333,,,0.564,,,0.0,,,0.564,,,0.75,,,,,,,,,
Erick Dampier,C,24,GSW,21,12,495,,,0.405,,,0.0,,,0.405,,,0.529,,,,,,,,,
Mikki Moore,C,24,DET,29,0,488,,,0.621,,,0.0,,,0.621,,,0.794,,,,,,,,,
William Avery,PG,20,MIN,59,1,484,,,0.309,,,0.286,,,0.322,,,0.667,,,,,,,,,
John Thomas,C,24,TOR,55,6,477,,,0.458,,,0.0,,,0.462,,,0.39,,,,,,,,,
Anthony Miller,PF,28,HOU,35,14,476,,,0.536,,,0.0,,,0.536,,,0.51,,,,,,,,,
Kornél Dávid,SF,28,2TM,32,5,474,,,0.427,,,0.0,,,0.435,,,0.804,,,,,,,,,
Kornél Dávid,SF,28,CHI,26,5,443,,,0.426,,,0.0,,,0.434,,,0.808,,,,,,,,,
Kornél Dávid,SF,28,CLE,6,0,31,,,0.444,,,0.0,,,0.444,,,0.75,,,,,,,,,
Mark Davis,SF,26,GSW,23,7,464,,,0.409,,,0.0,,,0.415,,,0.66,,,,,,,,,
Chris Dudley,C,34,NYK,47,3,459,,,0.343,,,0.0,,,0.343,,,0.333,,,,,,,,,
Toby Bailey,SG,24,PHO,46,2,449,,,0.414,,,0.2,,,0.431,,,0.692,,,,,,,,,
Robert Traylor,PF,22,MIL,44,16,447,,,0.475,,,0.0,,,0.492,,,0.603,,,,,,,,,
Corie Blount,PF,31,PHO,38,1,446,,,0.494,,,0.0,,,0.506,,,0.576,,,,,,,,,
Dion Glover,SG,21,ATL,30,1,446,,,0.386,,,0.267,,,0.429,,,0.729,,,,,,,,,
Doug Overton,PG,30,BOS,48,0,432,,,0.396,,,0.357,,,0.405,,,0.952,,,,,,,,,
Scott Padgett,PF,23,UTA,47,9,432,,,0.314,,,0.295,,,0.323,,,0.704,,,,,,,,,
Brent Price,PG,31,VAN,41,0,424,,,0.345,,,0.368,,,0.314,,,0.872,,,,,,,,,
Cal Bowdler,SF,22,ATL,46,0,423,,,0.426,,,0.0,,,0.43,,,0.632,,,,,,,,,
Travis Knight,C,25,LAL,63,0,410,,,0.39,,,0.0,,,0.39,,,0.607,,,,,,,,,
Todd Fuller,C,25,CHH,41,2,399,,,0.418,,,0.0,,,0.418,,,0.604,,,,,,,,,
Terry Cummings,PF,38,GSW,22,0,398,,,0.429,,,0.0,,,0.429,,,0.821,,,,,,,,,
Milt Palacio,PG,21,VAN,53,0,394,,,0.439,,,0.0,,,0.448,,,0.595,,,,,,,,,
Sean Elliott,SF,31,SAS,19,19,391,,,0.358,,,0.351,,,0.362,,,0.781,,,,,,,,,
Michael Stewart,C,24,TOR,42,1,389,,,0.377,,,0.0,,,0.377,,,0.563,,,,,,,,,
Rex Walters,PG,29,MIA,33,0,389,,,0.418,,,0.25,,,0.465,,,0.75,,,,,,,,,
Dennis Rodman,PF,38,DAL,12,12,389,,,0.387,,,0.0,,,0.4,,,0.714,,,,,,,,,
Rodney Buford,SG,22,MIA,34,0,386,,,0.411,,,0.241,,,0.451,,,0.727,,,,,,,,,
Anthony Avent,PF,30,LAC,49,3,377,,,0.302,,,0.0,,,0.302,,,0.719,,,,,,,,,
Evan Eschmeyer,C,24,NJN,31,5,373,,,0.528,,,0.0,,,0.528,,,0.5,,,,,,,,,
Tom Hammonds,PF,32,MIN,56,0,372,,,0.433,,,0.0,,,0.433,,,0.589,,,,,,,,,
Rafer Alston,PG,23,MIL,27,0,361,,,0.284,,,0.214,,,0.296,,,0.75,,,,,,,,,
Roy Rogers,PF,26,DEN,40,0,355,,,0.398,,,0.0,,,0.402,,,0.463,,,,,,,,,
Obinna Ekezie,PF,24,VAN,39,0,351,,,0.466,,,0.0,,,0.466,,,0.672,,,,,,,,,
Haywoode Workman,PG,34,2TM,36,2,350,,,0.344,,,0.326,,,0.362,,,0.667,,,,,,,,,
Haywoode Workman,PG,34,MIL,23,1,248,,,0.371,,,0.379,,,0.364,,,0.692,,,,,,,,,
Haywoode Workman,PG,34,TOR,13,1,102,,,0.286,,,0.214,,,0.357,,,0.5,,,,,,,,,
Devean George,SF,22,LAL,49,1,345,,,0.389,,,0.34,,,0.412,,,0.659,,,,,,,,,
Chuck Person,SF,35,SEA,37,0,340,,,0.301,,,0.253,,,0.464,,,0.5,,,,,,,,,
Sam Mack,SF,29,GSW,23,5,333,,,0.303,,,0.328,,,0.276,,,0.95,,,,,,,,,
Eric Montross,C,28,DET,51,0,332,,,0.309,,,0.0,,,0.309,,,0.5,,,,,,,,,
Popeye Jones,PF,29,DEN,40,1,330,,,0.423,,,0.667,,,0.416,,,0.737,,,,,,,,,
Cory Alexander,PG,26,DEN,29,2,329,,,0.286,,,0.257,,,0.302,,,0.773,,,,,,,,,
Sherman Douglas,PG,33,NJN,20,2,309,,,0.5,,,0.313,,,0.541,,,0.893,,,,,,,,,
Bill Curley,SF,27,2TM,28,0,309,,,0.426,,,0.0,,,0.433,,,0.72,,,,,,,,,
Bill Curley,PF,27,HOU,4,0,50,,,0.545,,,0.0,,,0.545,,,0.0,,,,,,,,,
Bill Curley,SF,27,GSW,24,0,259,,,0.404,,,0.0,,,0.411,,,0.72,,,,,,,,,
Chauncey Billups,SG,23,DEN,13,5,305,,,0.337,,,0.171,,,0.45,,,0.841,,,,,,,,,
John Salley,C,35,LAL,45,3,303,,,0.362,,,0.0,,,0.362,,,0.75,,,,,,,,,
Gary Trent,SF,25,DAL,11,11,301,,,0.493,,,0.0,,,0.5,,,0.524,,,,,,,,,
Loy Vaught,PF,31,DET,43,0,292,,,0.36,,,0.0,,,0.372,,,0.688,,,,,,,,,
Kevin Ollie,PG,27,PHI,40,0,290,,,0.449,,,0.0,,,0.449,,,0.757,,,,,,,,,
Rick Brunson,PG,27,NYK,37,0,289,,,0.414,,,0.154,,,0.474,,,0.611,,,,,,,,,
Tim Legler,SG,33,GSW,23,4,284,,,0.359,,,0.333,,,0.368,,,0.778,,,,,,,,,
Thomas Hamilton,C,24,HOU,22,7,273,,,0.443,,,0.0,,,0.443,,,0.522,,,,,,,,,
Pervis Ellison,C,32,BOS,30,5,269,,,0.442,,,0.0,,,0.442,,,0.714,,,,,,,,,
Steve Kerr,PG,34,SAS,32,0,268,,,0.432,,,0.516,,,0.372,,,0.818,,,,,,,,,
Gheorghe Mureșan,C,28,NJN,30,2,267,,,0.456,,,0.0,,,0.456,,,0.605,,,,,,,,,
Earl Boykins,PG,23,2TM,26,0,261,,,0.483,,,0.4,,,0.5,,,0.783,,,,,,,,,
Earl Boykins,PG,23,ORL,1,0,8,,,0.75,,,0.0,,,0.75,,,0.0,,,,,,,,,
Earl Boykins,PG,23,CLE,25,0,253,,,0.473,,,0.4,,,0.489,,,0.783,,,,,,,,,
Andrew Lang,C,33,NYK,19,10,244,,,0.438,,,0.0,,,0.438,,,0.429,,,,,,,,,
Reggie Jordan,PG,32,WAS,36,0,243,,,0.321,,,0.0,,,0.327,,,0.538,,,,,,,,,
Michael Cage,C,38,NJN,20,7,242,,,0.5,,,0.0,,,0.5,,,1.0,,,,,,,,,
Laron Profit,SG,22,WAS,33,1,225,,,0.356,,,0.176,,,0.429,,,0.4,,,,,,,,,
Rick Hughes,PF,26,DAL,21,0,224,,,0.486,,,0.0,,,0.493,,,0.462,,,,,,,,,
Antoine Carr,SF,38,VAN,21,0,221,,,0.438,,,0.0,,,0.438,,,0.786,,,,,,,,,
Vladimir Stepania,C,23,SEA,30,1,202,,,0.367,,,0.0,,,0.397,,,0.472,,,,,,,,,
Ryan Stack,PF,24,CLE,25,0,198,,,0.333,,,0.0,,,0.34,,,0.667,,,,,,,,,
Nazr Mohammed,C,22,PHI,28,3,190,,,0.389,,,0.0,,,0.389,,,0.545,,,,,,,,,
Duane Causwell,C,31,MIA,25,2,185,,,0.541,,,0.0,,,0.541,,,0.684,,,,,,,,,
John Celestand,PG,22,LAL,16,0,185,,,0.333,,,0.222,,,0.361,,,0.833,,,,,,,,,
Anthony Parker,SG,24,ORL,16,0,185,,,0.421,,,0.071,,,0.535,,,0.727,,,,,,,,,
Joe Stephens,SF,27,VAN,13,0,181,,,0.373,,,0.0,,,0.442,,,0.75,,,,,,,,,
Lazaro Borrell,SF,27,SEA,17,6,167,,,0.444,,,0.0,,,0.467,,,0.545,,,,,,,,,
Drew Barry,PG,26,2TM,16,0,159,,,0.455,,,0.389,,,0.533,,,0.8,,,,,,,,,
Drew Barry,PG,26,GSW,8,0,85,,,0.5,,,0.333,,,0.667,,,0.5,,,,,,,,,
Drew Barry,PG,26,ATL,8,0,74,,,0.4,,,0.444,,,0.333,,,1.0,,,,,,,,,
Felton Spencer,C,32,SAS,26,0,149,,,0.455,,,0.0,,,0.455,,,0.667,,,,,,,,,
Derek Strong,PF,31,ORL,20,0,148,,,0.438,,,0.25,,,0.455,,,0.786,,,,,,,,,
Tyronn Lue,PG,22,LAL,8,0,146,,,0.487,,,0.5,,,0.484,,,0.75,,,,,,,,,
Trajan Langdon,SG,23,CLE,10,0,145,,,0.375,,,0.421,,,0.333,,,1.0,,,,,,,,,
Don MacLean,PF,30,PHO,16,0,143,,,0.367,,,0.333,,,0.372,,,0.667,,,,,,,,,
Calvin Booth,C,23,WAS,11,0,143,,,0.348,,,0.0,,,0.348,,,0.714,,,,,,,,,
Jumaine Jones,SF,20,PHI,33,0,138,,,0.379,,,0.5,,,0.37,,,0.611,,,,,,,,,
Tim Young,C,23,GSW,25,0,137,,,0.333,,,0.0,,,0.333,,,0.778,,,,,,,,,
Antonio Harvey,PF,29,POR,19,0,137,,,0.567,,,0.0,,,0.567,,,0.583,,,,,,,,,
Lari Ketner,PF,22,2TM,22,0,132,,,0.406,,,0.0,,,0.406,,,0.667,,,,,,,,,
Lari Ketner,PF,22,CHI,6,0,41,,,0.4,,,0.0,,,0.4,,,1.0,,,,,,,,,
Lari Ketner,PF,22,CLE,16,0,91,,,0.409,,,0.0,,,0.409,,,0.6,,,,,,,,,
Jonathan Bender,SF,19,IND,24,1,130,,,0.329,,,0.167,,,0.362,,,0.667,,,,,,,,,
Rusty LaRue,PG,26,CHI,4,1,129,,,0.349,,,0.143,,,0.448,,,0.714,,,,,,,,,
Mark West,C,39,PHO,22,2,127,,,0.417,,,0.0,,,0.417,,,0.625,,,,,,,,,
Devin Gray,SF,27,HOU,21,2,124,,,0.405,,,0.0,,,0.405,,,0.655,,,,,,,,,
Etdrick Bohannon,PF,26,2TM,13,0,118,,,0.538,,,0.0,,,0.538,,,0.625,,,,,,,,,
Etdrick Bohannon,PF,26,NYK,2,0,5,,,0.0,,,0.0,,,0.0,,,0.75,,,,,,,,,
Etdrick Bohannon,PF,26,LAC,11,0,113,,,0.538,,,0.0,,,0.538,,,0.6,,,,,,,,,
Žan Tabak,C,29,IND,18,0,114,,,0.471,,,0.0,,,0.471,,,0.625,,,,,,,,,
Kevin Johnson,PG,33,PHO,6,0,113,,,0.571,,,1.0,,,0.556,,,1.0,,,,,,,,,
Tony Massenburg,PF,32,HOU,10,0,109,,,0.444,,,0.0,,,0.444,,,0.875,,,,,,,,,
Derrick Dial,SG,24,SAS,8,0,95,,,0.37,,,0.25,,,0.412,,,0.6,,,,,,,,,
Mirsad Türkcan,PF,23,2TM,17,0,90,,,0.368,,,0.0,,,0.438,,,0.625,,,,,,,,,
Mirsad Türkcan,PF,23,NYK,7,0,25,,,0.2,,,0.0,,,0.25,,,0.0,,,,,,,,,
Mirsad Türkcan,PF,23,MIL,10,0,65,,,0.429,,,0.0,,,0.5,,,0.625,,,,,,,,,
Jeff Foster,C,23,IND,19,0,86,,,0.565,,,0.0,,,0.591,,,0.68,,,,,,,,,
Lorenzo Williams,PF,30,WAS,8,0,76,,,0.778,,,0.0,,,0.778,,,0.0,,,,,,,,,
Harold Jamison,PF,23,MIA,12,0,74,,,0.35,,,0.0,,,0.35,,,0.222,,,,,,,,,
Jermaine Jackson,SG,23,DET,7,0,73,,,0.091,,,0.0,,,0.1,,,0.625,,,,,,,,,
Mark Hendrickson,PF,25,2TM,15,0,71,,,0.625,,,0.0,,,0.625,,,0.75,,,,,,,,,
Mark Hendrickson,PF,25,CLE,10,0,47,,,0.714,,,0.0,,,0.714,,,1.0,,,,,,,,,
Mark Hendrickson,PF,25,NJN,5,0,24,,,0.0,,,0.0,,,0.0,,,0.5,,,,,,,,,
Matt Harpring,SF,23,ORL,4,0,63,,,0.235,,,1.0,,,0.133,,,0.857,,,,,,,,,
Bruno Šundov,C,19,DAL,14,0,61,,,0.387,,,0.0,,,0.387,,,1.0,,,,,,,,,
A.J. Bramlett,C,23,CLE,8,0,61,,,0.19,,,0.0,,,0.19,,,0.0,,,,,,,,,
Bill Wennington,C,36,SAC,7,0,57,,,0.316,,,0.0,,,0.316,,,1.0,,,,,,,,,
Stanley Roberts,C,29,PHI,5,1,51,,,0.313,,,0.0,,,0.333,,,0.0,,,,,,,,,
Khalid Reeves,PG,27,CHI,3,0,48,,,0.25,,,0.0,,,0.333,,,1.0,,,,,,,,,
Jamel Thomas,SF,26,2TM,7,0,46,,,0.444,,,0.0,,,0.533,,,1.0,,,,,,,,,
Jamel Thomas,SF,26,BOS,3,0,19,,,0.5,,,0.0,,,0.556,,,1.0,,,,,,,,,
Jamel Thomas,SF,26,GSW,4,0,27,,,0.375,,,0.0,,,0.5,,,0.0,,,,,,,,,
Marcus Brown,SG,25,DET,6,0,45,,,0.286,,,0.0,,,0.571,,,1.0,,,,,,,,,
Wayne Turner,PG,23,BOS,3,0,41,,,0.167,,,0.0,,,0.167,,,0.333,,,,,,,,,
Fred Vinson,SG,29,SEA,8,0,40,,,0.294,,,0.286,,,0.3,,,0.5,,,,,,,,,
Donny Marshall,SF,27,CLE,6,0,39,,,0.273,,,0.0,,,0.375,,,0.833,,,,,,,,,
Antonio Lang,SF,27,2TM,10,0,38,,,0.167,,,0.0,,,0.167,,,0.8,,,,,,,,,
Antonio Lang,SF,27,TOR,7,0,32,,,0.0,,,0.0,,,0.0,,,0.75,,,,,,,,,
Antonio Lang,SF,27,PHI,3,0,6,,,1.0,,,0.0,,,1.0,,,1.0,,,,,,,,,
DeMarco Johnson,PF,24,NYK,5,0,37,,,0.333,,,0.0,,,0.333,,,0.0,,,,,,,,,
Michael Hawkins,PG,27,CHH,12,0,36,,,0.231,,,0.2,,,0.25,,,0.5,,,,,,,,,
Johnny Taylor,SF,25,2TM,6,0,34,,,0.357,,,1.0,,,0.308,,,0.0,,,,,,,,,
Johnny Taylor,SF,25,DEN,1,0,5,,,0.0,,,0.0,,,0.0,,,0.0,,,,,,,,,
Johnny Taylor,SF,25,ORL,5,0,29,,,0.417,,,1.0,,,0.364,,,0.0,,,,,,,,,
David Wingate,SG,36,NYK,7,0,32,,,0.111,,,0.0,,,0.111,,,0.0,,,,,,,,,
Joe Kleine,C,38,POR,7,0,31,,,0.364,,,0.0,,,0.364,,,1.0,,,,,,,,,
Eldridge Recasner,PG,32,CHH,7,0,28,,,0.429,,,0.25,,,0.667,,,0.0,,,,,,,,,
Ryan Robertson,SG,23,SAC,1,0,25,,,0.333,,,0.0,,,0.5,,,1.0,,,,,,,,,
Gary Grant,PG,34,POR,3,0,24,,,0.429,,,0.0,,,0.429,,,0.0,,,,,,,,,
Aleksandar Radojević,C,23,TOR,3,0,24,,,0.286,,,0.0,,,0.286,,,0.5,,,,,,,,,
Tim James,SF,23,MIA,4,0,23,,,0.357,,,0.0,,,0.357,,,0.333,,,,,,,,,
Kiwane Lemorris Garris,SG,25,ORL,3,0,23,,,0.2,,,0.0,,,0.222,,,0.0,,,,,,,,,
Ben Davis,PF,27,PHO,5,0,22,,,0.333,,,0.0,,,0.333,,,0.0,,,,,,,,,
Ira Bowman,SG,26,PHI,11,0,20,,,1.0,,,0.0,,,1.0,,,0.5,,,,,,,,,
Andrae Patterson,PF,24,MIN,5,0,20,,,0.75,,,0.0,,,0.75,,,0.0,,,,,,,,,
Sean Marks,PF,24,TOR,5,0,12,,,0.333,,,0.0,,,0.4,,,1.0,,,,,,,,,
Marty Conlon,C,32,LAC,3,0,9,,,0.5,,,0.0,,,0.5,,,0.0,,,,,,,,,
Benoit Benjamin,C,35,CLE,3,0,8,,,0.333,,,0.0,,,0.333,,,0.0,,,,,,,,,
Rodrick Rhodes,SF,26,DAL,1,0,8,,,0.0,,,0.0,,,0.0,,,0.0,,,,,,,,,
Derek Hood,PF,23,CHH,2,0,4,,,0.0,,,0.0,,,0.0,,,0.0,,,,,,,,,
Mario Bennett,PF,26,LAC,1,0,3,,,0.0,,,0.0,,,0.0,,,0.0,,,,,,,,,
Jason Miskiri,PG,24,CHH,1,0,3,,,0.0,,,0.0,,,0.0,,,0.0,,,,,,,,,
Randell Jackson,PF,24,DAL,1,0,1,,,0.0,,,0.0,,,0.0,,,0.0,,,,,,,,,
League Average,,,,0,0,0,,,0.449,,,0.353,,,0.468,,,0.75,,,,,,,,,
