name_display,pos,age,team_name_abbr,games,mp,fg_pct_from_0_3_ft,fg_pct_from_3_10_ft,fg_pct_from_10_16_ft,fg_pct_from_16_3p,fg_pct_from_3p,pct_fga_from_0_3_ft,pct_fga_from_3_10_ft,pct_fga_from_10_16_ft,pct_fga_from_16_3p,pct_fga_from_3p,fg_pct_from_2p,fg_pct_from_0_3_ft_2,fg_pct_from_corner_3,pct_fga_from_corner_3,num_shots_heaved,pct_shots_heaved
Michael Finley,SF,26,DAL,82,3464,,,,,,,,,,,,,,,,
Gary Payton,PG,31,SEA,82,3425,,,,,,,,,,,,,,,,
Latrell Sprewell,SF,29,NYK,82,3276,,,,,,,,,,,,,,,,
Kevin Garnett,PF,23,MIN,81,3243,,,,,,,,,,,,,,,,
Shareef Abdur-Rahim,SF,23,VAN,82,3223,,,,,,,,,,,,,,,,
Allan Houston,SG,28,NYK,82,3169,,,,,,,,,,,,,,,,
Shaquille O'Neal,C,27,LAL,79,3163,,,,,,,,,,,,,,,,
Mike Bibby,PG,21,VAN,82,3155,,,,,,,,,,,,,,,,
Jerry Stackhouse,SG,25,DET,82,3148,,,,,,,,,,,,,,,,
Anthony Mason,SF,33,CHH,82,3133,,,,,,,,,,,,,,,,
Vince Carter,SF,23,TOR,82,3126,,,,,,,,,,,,,,,,
Michael Dickerson,SG,24,VAN,82,3103,,,,,,,,,,,,,,,,
Ray Allen,SG,24,MIL,82,3070,,,,,,,,,,,,,,,,
Antoine Walker,PF,23,BOS,82,3003,,,,,,,,,,,,,,,,
Elton Brand,PF,20,CHI,81,2999,,,,,,,,,,,,,,,,
Reggie Miller,SG,34,IND,81,2987,,,,,,,,,,,,,,,,
Dikembe Mutombo,C,33,ATL,82,2984,,,,,,,,,,,,,,,,
Jalen Rose,SF,27,IND,80,2978,,,,,,,,,,,,,,,,
Nick Van Exel,PG,28,DEN,79,2950,,,,,,,,,,,,,,,,
Karl Malone,PF,36,UTA,82,2947,,,,,,,,,,,,,,,,
Dirk Nowitzki,PF,21,DAL,82,2938,,,,,,,,,,,,,,,,
Lindsey Hunter,PG,29,DET,82,2919,,,,,,,,,,,,,,,,
Juwan Howard,PF,26,WAS,82,2909,,,,,,,,,,,,,,,,
Glenn Robinson,SF,27,MIL,81,2909,,,,,,,,,,,,,,,,
Bryon Russell,SF,29,UTA,82,2900,,,,,,,,,,,,,,,,
Sam Cassell,PG,30,MIL,81,2899,,,,,,,,,,,,,,,,
Stephon Marbury,PG,22,NJN,74,2881,,,,,,,,,,,,,,,,
Chris Webber,PF,26,SAC,75,2880,,,,,,,,,,,,,,,,
Tim Duncan,PF,23,SAS,74,2875,,,,,,,,,,,,,,,,
Eric Snow,PG,26,PHI,82,2866,,,,,,,,,,,,,,,,
Allen Iverson,SG,24,PHI,70,2853,,,,,,,,,,,,,,,,
Vin Baker,C,28,SEA,79,2849,,,,,,,,,,,,,,,,
Rasheed Wallace,PF,25,POR,81,2845,,,,,,,,,,,,,,,,
Clifford Robinson,SF,33,PHO,80,2839,,,,,,,,,,,,,,,,
Jamal Mashburn,SF,27,MIA,76,2828,,,,,,,,,,,,,,,,
Eddie Jones,SG,28,CHH,72,2807,,,,,,,,,,,,,,,,
Keith Van Horn,PF,24,NJN,80,2782,,,,,,,,,,,,,,,,
Steve Francis,PG,22,HOU,77,2776,,,,,,,,,,,,,,,,
Grant Hill,SF,27,DET,74,2776,,,,,,,,,,,,,,,,
Alan Henderson,PF,27,ATL,82,2775,,,,,,,,,,,,,,,,
Jim Jackson,SF,29,ATL,79,2767,,,,,,,,,,,,,,,,
Lamar Odom,SF,20,LAC,76,2767,,,,,,,,,,,,,,,,
David Wesley,PG,29,CHH,82,2760,,,,,,,,,,,,,,,,
Jason Williams,PG,24,SAC,81,2760,,,,,,,,,,,,,,,,
Scottie Pippen,SF,34,POR,82,2749,,,,,,,,,,,,,,,,
Alonzo Mourning,C,29,MIA,79,2748,,,,,,,,,,,,,,,,
Brent Barry,SG,28,SEA,80,2726,,,,,,,,,,,,,,,,
Shandon Anderson,SF,26,HOU,82,2700,,,,,,,,,,,,,,,,
Antonio McDyess,PF,25,DEN,81,2698,,,,,,,,,,,,,,,,
Steve Smith,SG,30,POR,82,2689,,,,,,,,,,,,,,,,
Horace Grant,PF,34,SEA,76,2688,,,,,,,,,,,,,,,,
Othella Harrington,PF,26,VAN,82,2677,,,,,,,,,,,,,,,,
Jason Kidd,PG,26,PHO,67,2616,,,,,,,,,,,,,,,,
Kenny Anderson,PG,29,BOS,82,2593,,,,,,,,,,,,,,,,
Darrell Armstrong,PG,31,ORL,82,2590,,,,,,,,,,,,,,,,
Terrell Brandon,PG,29,MIN,71,2587,,,,,,,,,,,,,,,,
Paul Pierce,SF,22,BOS,73,2583,,,,,,,,,,,,,,,,
Avery Johnson,PG,34,SAS,82,2571,,,,,,,,,,,,,,,,
David Robinson,C,34,SAS,80,2557,,,,,,,,,,,,,,,,
Elden Campbell,C,31,CHH,78,2538,,,,,,,,,,,,,,,,
Glen Rice,SF,32,LAL,80,2530,,,,,,,,,,,,,,,,
Kobe Bryant,SG,21,LAL,66,2524,,,,,,,,,,,,,,,,
Cuttino Mobley,SG,24,HOU,81,2496,,,,,,,,,,,,,,,,
Michael Olowokandi,C,24,LAC,80,2493,,,,,,,,,,,,,,,,
Shawn Kemp,C,30,CLE,82,2492,,,,,,,,,,,,,,,,
Antonio Davis,C,31,TOR,79,2479,,,,,,,,,,,,,,,,
Tracy McGrady,SF,20,TOR,79,2462,,,,,,,,,,,,,,,,
Mookie Blaylock,PG,32,GSW,73,2459,,,,,,,,,,,,,,,,
Christian Laettner,C,30,DET,82,2443,,,,,,,,,,,,,,,,
Raef LaFrentz,C,23,DEN,81,2435,,,,,,,,,,,,,,,,
John Stockton,PG,37,UTA,82,2432,,,,,,,,,,,,,,,,
Charles Oakley,PF,36,TOR,80,2431,,,,,,,,,,,,,,,,
George Lynch,SF,29,PHI,75,2416,,,,,,,,,,,,,,,,
Mitch Richmond,SG,34,WAS,74,2397,,,,,,,,,,,,,,,,
Malik Sealy,SF,29,MIN,82,2392,,,,,,,,,,,,,,,,
Ron Mercer,SG,23,2TM,68,2377,,,,,,,,,,,,,,,,
Ron Mercer,SG,23,DEN,37,1408,,,,,,,,,,,,,,,,
Ron Mercer,SG,23,ORL,31,969,,,,,,,,,,,,,,,,
Vlade Divac,C,31,SAC,82,2374,,,,,,,,,,,,,,,,
Damon Stoudamire,PG,26,POR,78,2372,,,,,,,,,,,,,,,,
Lamond Murray,SF,26,CLE,74,2365,,,,,,,,,,,,,,,,
Kendall Gill,SF,31,NJN,76,2355,,,,,,,,,,,,,,,,
Derrick Coleman,PF,32,CHH,74,2347,,,,,,,,,,,,,,,,
Bo Outlaw,PF,28,ORL,82,2326,,,,,,,,,,,,,,,,
Larry Hughes,SG,21,2TM,82,2324,,,,,,,,,,,,,,,,
Larry Hughes,SG,21,PHI,50,1018,,,,,,,,,,,,,,,,
Larry Hughes,SG,21,GSW,32,1306,,,,,,,,,,,,,,,,
Tyrone Nesby,SG,24,LAC,73,2317,,,,,,,,,,,,,,,,
Dan Majerle,SG,34,MIA,69,2308,,,,,,,,,,,,,,,,
P.J. Brown,PF,30,MIA,80,2302,,,,,,,,,,,,,,,,
Rodney Rogers,PF,28,PHO,82,2286,,,,,,,,,,,,,,,,
Larry Johnson,PF,30,NYK,70,2281,,,,,,,,,,,,,,,,
Doug Christie,SG,29,TOR,73,2264,,,,,,,,,,,,,,,,
Anfernee Hardaway,SG,28,PHO,60,2253,,,,,,,,,,,,,,,,
Jamie Feick,C,25,NJN,81,2241,,,,,,,,,,,,,,,,
Metta World Peace,SF,20,CHI,72,2238,,,,,,,,,,,,,,,,
Maurice Taylor,PF,23,LAC,62,2227,,,,,,,,,,,,,,,,
Mario Elie,SF,36,SAS,79,2217,,,,,,,,,,,,,,,,
Bob Sura,SG,26,CLE,73,2216,,,,,,,,,,,,,,,,
Derek Anderson,SG,25,LAC,64,2201,,,,,,,,,,,,,,,,
Mark Jackson,PG,34,IND,81,2190,,,,,,,,,,,,,,,,
Rod Strickland,PG,33,WAS,69,2188,,,,,,,,,,,,,,,,
Wally Szczerbiak,SF,22,MIN,73,2171,,,,,,,,,,,,,,,,
Jason Caffey,PF,26,GSW,71,2159,,,,,,,,,,,,,,,,
Tyrone Hill,PF,31,PHI,68,2155,,,,,,,,,,,,,,,,
Jeff Hornacek,SG,36,UTA,77,2133,,,,,,,,,,,,,,,,
Ervin Johnson,C,32,MIL,80,2129,,,,,,,,,,,,,,,,
Dale Davis,C,30,IND,74,2127,,,,,,,,,,,,,,,,
George McCloud,SF,32,DEN,78,2118,,,,,,,,,,,,,,,,
Jerome Williams,PF,26,DET,82,2102,,,,,,,,,,,,,,,,
Ruben Patterson,SF,24,SEA,81,2097,,,,,,,,,,,,,,,,
Howard Eisley,PG,27,UTA,82,2096,,,,,,,,,,,,,,,,
Nick Anderson,SG,32,SAC,72,2094,,,,,,,,,,,,,,,,
Andre Miller,PG,23,CLE,82,2093,,,,,,,,,,,,,,,,
Tim Thomas,SF,22,MIL,80,2093,,,,,,,,,,,,,,,,
Isaiah Rider,SG,28,ATL,60,2084,,,,,,,,,,,,,,,,
Anthony Peeler,SG,30,MIN,82,2073,,,,,,,,,,,,,,,,
Donyell Marshall,PF,26,GSW,64,2071,,,,,,,,,,,,,,,,
Cedric Ceballos,SF,30,DAL,69,2064,,,,,,,,,,,,,,,,
Wesley Person,SG,28,CLE,79,2056,,,,,,,,,,,,,,,,
James Posey,SF,23,DEN,81,2052,,,,,,,,,,,,,,,,
Ron Harper,PG,36,LAL,80,2042,,,,,,,,,,,,,,,,
Patrick Ewing,C,37,NYK,62,2035,,,,,,,,,,,,,,,,
Erick Strickland,SG,26,DAL,68,2025,,,,,,,,,,,,,,,,
Charlie Ward,PG,29,NYK,72,1986,,,,,,,,,,,,,,,,
Joe Smith,C,24,MIN,78,1975,,,,,,,,,,,,,,,,
Kurt Thomas,PF,27,NYK,80,1971,,,,,,,,,,,,,,,,
Ben Wallace,PF,25,ORL,81,1959,,,,,,,,,,,,,,,,
Aaron McKie,SG,27,PHI,82,1952,,,,,,,,,,,,,,,,
A.C. Green,PF,36,LAL,82,1929,,,,,,,,,,,,,,,,
Adrian Griffin,SG,25,BOS,72,1927,,,,,,,,,,,,,,,,
Bimbo Coles,PG,31,ATL,80,1924,,,,,,,,,,,,,,,,
Shawn Bradley,C,27,DAL,77,1901,,,,,,,,,,,,,,,,
Kerry Kittles,SG,25,NJN,62,1896,,,,,,,,,,,,,,,,
Jason Terry,PG,22,ATL,81,1888,,,,,,,,,,,,,,,,
Austin Croshere,PF,24,IND,81,1885,,,,,,,,,,,,,,,,
Anthony Carter,PG,24,MIA,79,1859,,,,,,,,,,,,,,,,
Walt Williams,SF,29,HOU,76,1859,,,,,,,,,,,,,,,,
Rik Smits,C,33,IND,79,1852,,,,,,,,,,,,,,,,
Keon Clark,C,24,DEN,81,1850,,,,,,,,,,,,,,,,
Terry Mills,PF,32,DET,82,1842,,,,,,,,,,,,,,,,
Andrew DeClercq,C,26,CLE,82,1831,,,,,,,,,,,,,,,,
Tracy Murray,SF,28,WAS,80,1831,,,,,,,,,,,,,,,,
Olden Polynice,C,35,UTA,82,1819,,,,,,,,,,,,,,,,
Hubert Davis,PG,29,DAL,79,1817,,,,,,,,,,,,,,,,
Chris Gatling,PF,32,2TM,85,1811,,,,,,,,,,,,,,,,
Chris Gatling,PF,32,ORL,45,1041,,,,,,,,,,,,,,,,
Chris Gatling,PF,32,DEN,40,770,,,,,,,,,,,,,,,,
Derek Fisher,PG,25,LAL,78,1803,,,,,,,,,,,,,,,,
Vitaly Potapenko,C,24,BOS,79,1797,,,,,,,,,,,,,,,,
Kenny Thomas,PF,22,HOU,72,1797,,,,,,,,,,,,,,,,
Theo Ratliff,PF,26,PHI,57,1795,,,,,,,,,,,,,,,,
Vonteego Cummings,PG,23,GSW,75,1793,,,,,,,,,,,,,,,,
Toni Kukoč,SF,31,2TM,56,1784,,,,,,,,,,,,,,,,
Toni Kukoč,SF,31,CHI,24,868,,,,,,,,,,,,,,,,
Toni Kukoč,SF,31,PHI,32,916,,,,,,,,,,,,,,,,
Bryant Reeves,C,26,VAN,69,1773,,,,,,,,,,,,,,,,
Tom Gugliotta,PF,30,PHO,54,1767,,,,,,,,,,,,,,,,
Johnny Newman,SF,36,NJN,82,1763,,,,,,,,,,,,,,,,
Brevin Knight,PG,24,CLE,65,1754,,,,,,,,,,,,,,,,
Peja Stojaković,SF,22,SAC,74,1749,,,,,,,,,,,,,,,,
Muggsy Bogues,PG,35,TOR,80,1731,,,,,,,,,,,,,,,,
Rasho Nesterović,C,23,MIN,82,1723,,,,,,,,,,,,,,,,
Mark Bryant,PF,34,CLE,75,1712,,,,,,,,,,,,,,,,
Eric Piatkowski,SF,29,LAC,75,1712,,,,,,,,,,,,,,,,
Corliss Williamson,SF,26,SAC,76,1707,,,,,,,,,,,,,,,,
Travis Best,PG,27,IND,82,1691,,,,,,,,,,,,,,,,
Jaren Jackson,SG,32,SAS,81,1691,,,,,,,,,,,,,,,,
Arvydas Sabonis,C,35,POR,66,1688,,,,,,,,,,,,,,,,
Robert Horry,PF,29,LAL,76,1685,,,,,,,,,,,,,,,,
John Amaechi,C,29,ORL,80,1684,,,,,,,,,,,,,,,,
Kevin Willis,PF,37,TOR,79,1679,,,,,,,,,,,,,,,,
Chris Childs,PG,32,NYK,71,1675,,,,,,,,,,,,,,,,
Tim Hardaway,PG,33,MIA,52,1672,,,,,,,,,,,,,,,,
Detlef Schrempf,SF,37,POR,77,1662,,,,,,,,,,,,,,,,
Adonal Foyle,C,24,GSW,76,1654,,,,,,,,,,,,,,,,
Dickey Simpkins,PF,27,CHI,69,1651,,,,,,,,,,,,,,,,
Chris Whitney,PG,28,WAS,82,1627,,,,,,,,,,,,,,,,
Chucky Atkins,PG,25,ORL,82,1626,,,,,,,,,,,,,,,,
Randy Brown,PG,31,CHI,59,1625,,,,,,,,,,,,,,,,
Hersey Hawkins,SG,33,CHI,61,1622,,,,,,,,,,,,,,,,
Sam Perkins,PF,38,IND,81,1620,,,,,,,,,,,,,,,,
Clarence Weatherspoon,PF,29,MIA,78,1615,,,,,,,,,,,,,,,,
Terry Porter,PG,36,SAS,68,1613,,,,,,,,,,,,,,,,
Michael Curry,SG,31,DET,82,1611,,,,,,,,,,,,,,,,
Greg Ostertag,C,26,UTA,81,1606,,,,,,,,,,,,,,,,
Troy Hudson,PG,23,LAC,62,1592,,,,,,,,,,,,,,,,
Kelvin Cato,C,25,HOU,65,1581,,,,,,,,,,,,,,,,
Tariq Abdul-Wahad,SG,25,2TM,61,1578,,,,,,,,,,,,,,,,
Tariq Abdul-Wahad,SG,25,ORL,46,1205,,,,,,,,,,,,,,,,
Tariq Abdul-Wahad,SG,25,DEN,15,373,,,,,,,,,,,,,,,,
Rashard Lewis,SF,20,SEA,82,1575,,,,,,,,,,,,,,,,
Antawn Jamison,SF,23,GSW,43,1556,,,,,,,,,,,,,,,,
Greg Anthony,PG,32,POR,82,1548,,,,,,,,,,,,,,,,
Marcus Camby,C,25,NYK,59,1548,,,,,,,,,,,,,,,,
Aaron Williams,PF,28,WAS,81,1545,,,,,,,,,,,,,,,,
Jahidi White,C,23,WAS,80,1537,,,,,,,,,,,,,,,,
Steve Nash,PG,25,DAL,56,1532,,,,,,,,,,,,,,,,
Baron Davis,PG,20,CHH,82,1523,,,,,,,,,,,,,,,,
Lucious Harris,SG,29,NJN,77,1510,,,,,,,,,,,,,,,,
Tony Battie,C,23,BOS,82,1505,,,,,,,,,,,,,,,,
Monty Williams,SF,28,ORL,75,1501,,,,,,,,,,,,,,,,
Scott Williams,C,31,MIL,68,1488,,,,,,,,,,,,,,,,
Pat Garrity,SF,23,ORL,82,1479,,,,,,,,,,,,,,,,
Rick Fox,SF,30,LAL,82,1473,,,,,,,,,,,,,,,,
Voshon Lenard,SG,26,MIA,53,1434,,,,,,,,,,,,,,,,
Luc Longley,C,31,PHO,72,1417,,,,,,,,,,,,,,,,
Matt Geiger,C,30,PHI,65,1406,,,,,,,,,,,,,,,,
Eric Williams,SF,27,BOS,68,1378,,,,,,,,,,,,,,,,
Richard Hamilton,SG,21,WAS,71,1373,,,,,,,,,,,,,,,,
Corey Maggette,SF,20,ORL,77,1370,,,,,,,,,,,,,,,,
Malik Rose,PF,25,SAS,74,1341,,,,,,,,,,,,,,,,
Scot Pollard,C,24,SAC,76,1336,,,,,,,,,,,,,,,,
Scott Burrell,SF,29,NJN,74,1336,,,,,,,,,,,,,,,,
Michael Doleac,C,22,ORL,81,1335,,,,,,,,,,,,,,,,
Danny Ferry,PF,33,CLE,63,1326,,,,,,,,,,,,,,,,
Brian Grant,PF,27,POR,63,1322,,,,,,,,,,,,,,,,
Jerome Kersey,SF,37,SAS,72,1310,,,,,,,,,,,,,,,,
Calbert Cheaney,SG,28,BOS,67,1309,,,,,,,,,,,,,,,,
LaPhonso Ellis,PF,29,ATL,58,1309,,,,,,,,,,,,,,,,
Billy Owens,SF,30,2TM,62,1305,,,,,,,,,,,,,,,,
Billy Owens,PF,30,PHI,46,919,,,,,,,,,,,,,,,,
Billy Owens,SF,30,GSW,16,386,,,,,,,,,,,,,,,,
Bryce Drew,PG,25,HOU,72,1293,,,,,,,,,,,,,,,,
Jon Barry,SG,30,SAC,62,1281,,,,,,,,,,,,,,,,
Dennis Scott,SF,31,VAN,66,1263,,,,,,,,,,,,,,,,
Shawn Marion,SF,21,PHO,51,1260,,,,,,,,,,,,,,,,
Brian Shaw,SG,33,LAL,74,1249,,,,,,,,,,,,,,,,
Sam Mitchell,SF,36,MIN,66,1227,,,,,,,,,,,,,,,,
Danny Manning,PF,33,MIL,72,1217,,,,,,,,,,,,,,,,
Vinny Del Negro,PG,33,MIL,67,1211,,,,,,,,,,,,,,,,
Lorenzen Wright,C,24,ATL,75,1205,,,,,,,,,,,,,,,,
Tony Farmer,PF,30,GSW,74,1199,,,,,,,,,,,,,,,,
Antonio Daniels,SG,24,SAS,68,1195,,,,,,,,,,,,,,,,
John Starks,SG,34,2TM,37,1190,,,,,,,,,,,,,,,,
John Starks,SG,34,GSW,33,1108,,,,,,,,,,,,,,,,
John Starks,SG,34,CHI,4,82,,,,,,,,,,,,,,,,
Matt Maloney,PG,28,CHI,51,1175,,,,,,,,,,,,,,,,
Isaac Austin,C,30,WAS,59,1173,,,,,,,,,,,,,,,,
Chris Carr,SF,25,2TM,57,1166,,,,,,,,,,,,,,,,
Chris Carr,SG,25,GSW,7,74,,,,,,,,,,,,,,,,
Chris Carr,SF,25,CHI,50,1092,,,,,,,,,,,,,,,,
Bonzi Wells,SF,23,POR,66,1162,,,,,,,,,,,,,,,,
Michael Smith,SF,27,WAS,46,1145,,,,,,,,,,,,,,,,
Dana Barros,PG,32,BOS,72,1139,,,,,,,,,,,,,,,,
Eddie Robinson,SF,23,CHH,67,1112,,,,,,,,,,,,,,,,
Cedric Henderson,SF,24,CLE,61,1107,,,,,,,,,,,,,,,,
Carlos Rogers,C,28,HOU,53,1101,,,,,,,,,,,,,,,,
Chucky Brown,PF,31,2TM,63,1096,,,,,,,,,,,,,,,,
Chucky Brown,PF,31,SAS,30,602,,,,,,,,,,,,,,,,
Chucky Brown,PF,31,CHH,33,494,,,,,,,,,,,,,,,,
Dell Curry,SG,35,TOR,67,1095,,,,,,,,,,,,,,,,
Oliver Miller,C,29,PHO,51,1088,,,,,,,,,,,,,,,,
Randy Livingston,PG,24,PHO,79,1081,,,,,,,,,,,,,,,,
Gerard King,SF,27,WAS,62,1060,,,,,,,,,,,,,,,,
Hakeem Olajuwon,C,37,HOU,44,1049,,,,,,,,,,,,,,,,
Jim McIlvaine,C,27,NJN,66,1048,,,,,,,,,,,,,,,,
Bobby Jackson,PG,26,MIN,73,1034,,,,,,,,,,,,,,,,
Lawrence Funderburke,PF,29,SAC,75,1026,,,,,,,,,,,,,,,,
Matt Bullard,PF,32,HOU,56,1024,,,,,,,,,,,,,,,,
Will Perdue,C,34,CHI,67,1012,,,,,,,,,,,,,,,,
Chris Anstey,C,25,CHI,73,1007,,,,,,,,,,,,,,,,
Sean Rooks,C,30,DAL,71,1001,,,,,,,,,,,,,,,,
Vernon Maxwell,SG,34,SEA,47,989,,,,,,,,,,,,,,,,
Samaki Walker,PF,23,SAS,71,980,,,,,,,,,,,,,,,,
Michael Ruffin,PF,23,CHI,71,975,,,,,,,,,,,,,,,,
Brad Miller,C,23,CHH,55,961,,,,,,,,,,,,,,,,
Rex Chapman,SG,32,PHO,53,957,,,,,,,,,,,,,,,,
Todd Day,SG,30,PHO,58,941,,,,,,,,,,,,,,,,
Tyrone Corbin,SF,37,SAC,54,941,,,,,,,,,,,,,,,,
John Crotty,PG,30,DET,69,937,,,,,,,,,,,,,,,,
Greg Buckner,SG,23,DAL,48,923,,,,,,,,,,,,,,,,
Grant Long,PF,33,VAN,42,920,,,,,,,,,,,,,,,,
Quincy Lewis,SG,22,UTA,74,896,,,,,,,,,,,,,,,,
Darrick Martin,PG,28,SAC,71,893,,,,,,,,,,,,,,,,
Jacque Vaughn,PG,24,UTA,78,884,,,,,,,,,,,,,,,,
Walter McCarty,PF,25,BOS,61,879,,,,,,,,,,,,,,,,
Bruce Bowen,SF,28,2TM,69,878,,,,,,,,,,,,,,,,
Bruce Bowen,SF,28,PHI,42,311,,,,,,,,,,,,,,,,
Bruce Bowen,SF,28,MIA,27,567,,,,,,,,,,,,,,,,
Corey Benjamin,SG,21,CHI,48,862,,,,,,,,,,,,,,,,
Roshown McLeod,SF,24,ATL,44,860,,,,,,,,,,,,,,,,
Jermaine O'Neal,C,21,POR,70,859,,,,,,,,,,,,,,,,
Danny Fortson,PF,23,BOS,55,856,,,,,,,,,,,,,,,,
Al Harrington,PF,19,IND,50,854,,,,,,,,,,,,,,,,
Fred Hoiberg,SG,27,CHI,31,845,,,,,,,,,,,,,,,,
Bobby Phills,SG,30,CHH,28,825,,,,,,,,,,,,,,,,
Keith Closs,C,23,LAC,57,820,,,,,,,,,,,,,,,,
Cherokee Parks,C,27,VAN,56,808,,,,,,,,,,,,,,,,
Elliot Perry,PG,30,NJN,60,803,,,,,,,,,,,,,,,,
John Wallace,SF,25,NYK,60,798,,,,,,,,,,,,,,,,
Darvin Ham,SF,26,MIL,35,792,,,,,,,,,,,,,,,,
Armen Gilliam,PF,35,UTA,50,782,,,,,,,,,,,,,,,,
Felipe López,SG,25,VAN,65,781,,,,,,,,,,,,,,,,
Alvin Williams,PG,25,TOR,55,779,,,,,,,,,,,,,,,,
Otis Thorpe,PF,37,MIA,51,777,,,,,,,,,,,,,,,,
Brian Skinner,PF,23,LAC,33,775,,,,,,,,,,,,,,,,
Jelani McCoy,C,22,SEA,58,746,,,,,,,,,,,,,,,,
Greg Foster,PF,31,SEA,60,718,,,,,,,,,,,,,,,,
Emanual Davis,PG,31,SEA,54,701,,,,,,,,,,,,,,,,
Eric Murdock,PG,31,LAC,40,693,,,,,,,,,,,,,,,,
Stacey Augmon,SG,31,POR,59,692,,,,,,,,,,,,,,,,
Bryant Stith,SG,29,DEN,45,691,,,,,,,,,,,,,,,,
Tony Delk,PG,26,SAC,46,682,,,,,,,,,,,,,,,,
Sam Jacobson,PG,24,2TM,52,681,,,,,,,,,,,,,,,,
Sam Jacobson,PG,24,LAL,3,18,,,,,,,,,,,,,,,,
Sam Jacobson,PG,24,GSW,49,663,,,,,,,,,,,,,,,,
Dee Brown,PG,31,TOR,38,673,,,,,,,,,,,,,,,,
Chris Crawford,PF,24,ATL,55,668,,,,,,,,,,,,,,,,
Robert Pack,PG,30,DAL,29,665,,,,,,,,,,,,,,,,
Mark Strickland,SF,29,MIA,58,663,,,,,,,,,,,,,,,,
Charles Jones,PG,24,LAC,56,662,,,,,,,,,,,,,,,,
Jud Buechler,SF,31,DET,58,657,,,,,,,,,,,,,,,,
Chris Mills,SF,30,GSW,20,649,,,,,,,,,,,,,,,,
Anthony Johnson,PG,25,2TM,56,637,,,,,,,,,,,,,,,,
Anthony Johnson,PG,25,ATL,38,423,,,,,,,,,,,,,,,,
Anthony Johnson,PG,25,ORL,18,214,,,,,,,,,,,,,,,,
Derrick McKey,SF,33,IND,32,634,,,,,,,,,,,,,,,,
Charles Barkley,PF,36,HOU,20,620,,,,,,,,,,,,,,,,
Damon Jones,PG,23,2TM,55,612,,,,,,,,,,,,,,,,
Damon Jones,PG,23,GSW,13,196,,,,,,,,,,,,,,,,
Damon Jones,PG,23,DAL,42,416,,,,,,,,,,,,,,,,
Adam Keefe,C,29,UTA,62,604,,,,,,,,,,,,,,,,
Dean Garrett,C,33,MIN,56,604,,,,,,,,,,,,,,,,
J.R. Reid,PF,31,MIL,34,602,,,,,,,,,,,,,,,,
Pete Chilcutt,PF,31,3TM,56,601,,,,,,,,,,,,,,,,
Pete Chilcutt,PF,31,UTA,26,224,,,,,,,,,,,,,,,,
Pete Chilcutt,PF,31,CLE,6,30,,,,,,,,,,,,,,,,
Pete Chilcutt,PF,31,LAC,24,347,,,,,,,,,,,,,,,,
Chris Herren,PG,24,DEN,45,597,,,,,,,,,,,,,,,,
Jeff McInnis,PG,25,LAC,25,597,,,,,,,,,,,,,,,,
Ryan Bowen,SF,24,DEN,52,589,,,,,,,,,,,,,,,,
B.J. Armstrong,PG,32,CHI,27,583,,,,,,,,,,,,,,,,
Chris Mullin,SG,36,IND,47,582,,,,,,,,,,,,,,,,
Doug West,SG,32,VAN,38,581,,,,,,,,,,,,,,,,
Ricky Davis,SG,20,CHH,48,570,,,,,,,,,,,,,,,,
Dale Ellis,SG,39,2TM,42,564,,,,,,,,,,,,,,,,
Dale Ellis,SG,39,MIL,18,324,,,,,,,,,,,,,,,,
Dale Ellis,SG,39,CHH,24,240,,,,,,,,,,,,,,,,
Todd MacCulloch,C,24,PHI,56,528,,,,,,,,,,,,,,,,
Shammond Williams,PG,24,SEA,43,517,,,,,,,,,,,,,,,,
Dedric Willoughby,PG,25,CHI,25,508,,,,,,,,,,,,,,,,
Moochie Norris,PG,26,HOU,30,502,,,,,,,,,,,,,,,,
Don Reid,PF,26,2TM,38,498,,,,,,,,,,,,,,,,
Don Reid,PF,26,DET,21,165,,,,,,,,,,,,,,,,
Don Reid,PF,26,WAS,17,333,,,,,,,,,,,,,,,,
Erick Dampier,C,24,GSW,21,495,,,,,,,,,,,,,,,,
Mikki Moore,C,24,DET,29,488,,,,,,,,,,,,,,,,
William Avery,PG,20,MIN,59,484,,,,,,,,,,,,,,,,
John Thomas,C,24,TOR,55,477,,,,,,,,,,,,,,,,
Anthony Miller,PF,28,HOU,35,476,,,,,,,,,,,,,,,,
Kornél Dávid,SF,28,2TM,32,474,,,,,,,,,,,,,,,,
Kornél Dávid,SF,28,CHI,26,443,,,,,,,,,,,,,,,,
Kornél Dávid,SF,28,CLE,6,31,,,,,,,,,,,,,,,,
Mark Davis,SF,26,GSW,23,464,,,,,,,,,,,,,,,,
Chris Dudley,C,34,NYK,47,459,,,,,,,,,,,,,,,,
Toby Bailey,SG,24,PHO,46,449,,,,,,,,,,,,,,,,
Robert Traylor,PF,22,MIL,44,447,,,,,,,,,,,,,,,,
Corie Blount,PF,31,PHO,38,446,,,,,,,,,,,,,,,,
Dion Glover,SG,21,ATL,30,446,,,,,,,,,,,,,,,,
Doug Overton,PG,30,BOS,48,432,,,,,,,,,,,,,,,,
Scott Padgett,PF,23,UTA,47,432,,,,,,,,,,,,,,,,
Brent Price,PG,31,VAN,41,424,,,,,,,,,,,,,,,,
Cal Bowdler,SF,22,ATL,46,423,,,,,,,,,,,,,,,,
Travis Knight,C,25,LAL,63,410,,,,,,,,,,,,,,,,
Todd Fuller,C,25,CHH,41,399,,,,,,,,,,,,,,,,
Terry Cummings,PF,38,GSW,22,398,,,,,,,,,,,,,,,,
Milt Palacio,PG,21,VAN,53,394,,,,,,,,,,,,,,,,
Sean Elliott,SF,31,SAS,19,391,,,,,,,,,,,,,,,,
Michael Stewart,C,24,TOR,42,389,,,,,,,,,,,,,,,,
Rex Walters,PG,29,MIA,33,389,,,,,,,,,,,,,,,,
Dennis Rodman,PF,38,DAL,12,389,,,,,,,,,,,,,,,,
Rodney Buford,SG,22,MIA,34,386,,,,,,,,,,,,,,,,
Anthony Avent,PF,30,LAC,49,377,,,,,,,,,,,,,,,,
Evan Eschmeyer,C,24,NJN,31,373,,,,,,,,,,,,,,,,
Tom Hammonds,PF,32,MIN,56,372,,,,,,,,,,,,,,,,
Rafer Alston,PG,23,MIL,27,361,,,,,,,,,,,,,,,,
Roy Rogers,PF,26,DEN,40,355,,,,,,,,,,,,,,,,
Obinna Ekezie,PF,24,VAN,39,351,,,,,,,,,,,,,,,,
Haywoode Workman,PG,34,2TM,36,350,,,,,,,,,,,,,,,,
Haywoode Workman,PG,34,MIL,23,248,,,,,,,,,,,,,,,,
Haywoode Workman,PG,34,TOR,13,102,,,,,,,,,,,,,,,,
Devean George,SF,22,LAL,49,345,,,,,,,,,,,,,,,,
Chuck Person,SF,35,SEA,37,340,,,,,,,,,,,,,,,,
Sam Mack,SF,29,GSW,23,333,,,,,,,,,,,,,,,,
Eric Montross,C,28,DET,51,332,,,,,,,,,,,,,,,,
Popeye Jones,PF,29,DEN,40,330,,,,,,,,,,,,,,,,
Cory Alexander,PG,26,DEN,29,329,,,,,,,,,,,,,,,,
Sherman Douglas,PG,33,NJN,20,309,,,,,,,,,,,,,,,,
Bill Curley,SF,27,2TM,28,309,,,,,,,,,,,,,,,,
Bill Curley,PF,27,HOU,4,50,,,,,,,,,,,,,,,,
Bill Curley,SF,27,GSW,24,259,,,,,,,,,,,,,,,,
Chauncey Billups,SG,23,DEN,13,305,,,,,,,,,,,,,,,,
John Salley,C,35,LAL,45,303,,,,,,,,,,,,,,,,
Gary Trent,SF,25,DAL,11,301,,,,,,,,,,,,,,,,
Loy Vaught,PF,31,DET,43,292,,,,,,,,,,,,,,,,
Kevin Ollie,PG,27,PHI,40,290,,,,,,,,,,,,,,,,
Rick Brunson,PG,27,NYK,37,289,,,,,,,,,,,,,,,,
Tim Legler,SG,33,GSW,23,284,,,,,,,,,,,,,,,,
Thomas Hamilton,C,24,HOU,22,273,,,,,,,,,,,,,,,,
Pervis Ellison,C,32,BOS,30,269,,,,,,,,,,,,,,,,
Steve Kerr,PG,34,SAS,32,268,,,,,,,,,,,,,,,,
Gheorghe Mureșan,C,28,NJN,30,267,,,,,,,,,,,,,,,,
Earl Boykins,PG,23,2TM,26,261,,,,,,,,,,,,,,,,
Earl Boykins,PG,23,ORL,1,8,,,,,,,,,,,,,,,,
Earl Boykins,PG,23,CLE,25,253,,,,,,,,,,,,,,,,
Andrew Lang,C,33,NYK,19,244,,,,,,,,,,,,,,,,
Reggie Jordan,PG,32,WAS,36,243,,,,,,,,,,,,,,,,
Michael Cage,C,38,NJN,20,242,,,,,,,,,,,,,,,,
Laron Profit,SG,22,WAS,33,225,,,,,,,,,,,,,,,,
Rick Hughes,PF,26,DAL,21,224,,,,,,,,,,,,,,,,
Antoine Carr,SF,38,VAN,21,221,,,,,,,,,,,,,,,,
Vladimir Stepania,C,23,SEA,30,202,,,,,,,,,,,,,,,,
Ryan Stack,PF,24,CLE,25,198,,,,,,,,,,,,,,,,
Nazr Mohammed,C,22,PHI,28,190,,,,,,,,,,,,,,,,
Duane Causwell,C,31,MIA,25,185,,,,,,,,,,,,,,,,
John Celestand,PG,22,LAL,16,185,,,,,,,,,,,,,,,,
Anthony Parker,SG,24,ORL,16,185,,,,,,,,,,,,,,,,
Joe Stephens,SF,27,VAN,13,181,,,,,,,,,,,,,,,,
Lazaro Borrell,SF,27,SEA,17,167,,,,,,,,,,,,,,,,
Drew Barry,PG,26,2TM,16,159,,,,,,,,,,,,,,,,
Drew Barry,PG,26,GSW,8,85,,,,,,,,,,,,,,,,
Drew Barry,PG,26,ATL,8,74,,,,,,,,,,,,,,,,
Felton Spencer,C,32,SAS,26,149,,,,,,,,,,,,,,,,
Derek Strong,PF,31,ORL,20,148,,,,,,,,,,,,,,,,
Tyronn Lue,PG,22,LAL,8,146,,,,,,,,,,,,,,,,
Trajan Langdon,SG,23,CLE,10,145,,,,,,,,,,,,,,,,
Don MacLean,PF,30,PHO,16,143,,,,,,,,,,,,,,,,
Calvin Booth,C,23,WAS,11,143,,,,,,,,,,,,,,,,
Jumaine Jones,SF,20,PHI,33,138,,,,,,,,,,,,,,,,
Tim Young,C,23,GSW,25,137,,,,,,,,,,,,,,,,
Antonio Harvey,PF,29,POR,19,137,,,,,,,,,,,,,,,,
Lari Ketner,PF,22,2TM,22,132,,,,,,,,,,,,,,,,
Lari Ketner,PF,22,CHI,6,41,,,,,,,,,,,,,,,,
Lari Ketner,PF,22,CLE,16,91,,,,,,,,,,,,,,,,
Jonathan Bender,SF,19,IND,24,130,,,,,,,,,,,,,,,,
Rusty LaRue,PG,26,CHI,4,129,,,,,,,,,,,,,,,,
Mark West,C,39,PHO,22,127,,,,,,,,,,,,,,,,
Devin Gray,SF,27,HOU,21,124,,,,,,,,,,,,,,,,
Etdrick Bohannon,PF,26,2TM,13,118,,,,,,,,,,,,,,,,
Etdrick Bohannon,PF,26,NYK,2,5,,,,,,,,,,,,,,,,
Etdrick Bohannon,PF,26,LAC,11,113,,,,,,,,,,,,,,,,
Žan Tabak,C,29,IND,18,114,,,,,,,,,,,,,,,,
Kevin Johnson,PG,33,PHO,6,113,,,,,,,,,,,,,,,,
Tony Massenburg,PF,32,HOU,10,109,,,,,,,,,,,,,,,,
Derrick Dial,SG,24,SAS,8,95,,,,,,,,,,,,,,,,
Mirsad Türkcan,PF,23,2TM,17,90,,,,,,,,,,,,,,,,
Mirsad Türkcan,PF,23,NYK,7,25,,,,,,,,,,,,,,,,
Mirsad Türkcan,PF,23,MIL,10,65,,,,,,,,,,,,,,,,
Jeff Foster,C,23,IND,19,86,,,,,,,,,,,,,,,,
Lorenzo Williams,PF,30,WAS,8,76,,,,,,,,,,,,,,,,
Harold Jamison,PF,23,MIA,12,74,,,,,,,,,,,,,,,,
Jermaine Jackson,SG,23,DET,7,73,,,,,,,,,,,,,,,,
Mark Hendrickson,PF,25,2TM,15,71,,,,,,,,,,,,,,,,
Mark Hendrickson,PF,25,CLE,10,47,,,,,,,,,,,,,,,,
Mark Hendrickson,PF,25,NJN,5,24,,,,,,,,,,,,,,,,
Matt Harpring,SF,23,ORL,4,63,,,,,,,,,,,,,,,,
Bruno Šundov,C,19,DAL,14,61,,,,,,,,,,,,,,,,
A.J. Bramlett,C,23,CLE,8,61,,,,,,,,,,,,,,,,
Bill Wennington,C,36,SAC,7,57,,,,,,,,,,,,,,,,
Stanley Roberts,C,29,PHI,5,51,,,,,,,,,,,,,,,,
Khalid Reeves,PG,27,CHI,3,48,,,,,,,,,,,,,,,,
Jamel Thomas,SF,26,2TM,7,46,,,,,,,,,,,,,,,,
Jamel Thomas,SF,26,BOS,3,19,,,,,,,,,,,,,,,,
Jamel Thomas,SF,26,GSW,4,27,,,,,,,,,,,,,,,,
Marcus Brown,SG,25,DET,6,45,,,,,,,,,,,,,,,,
Wayne Turner,PG,23,BOS,3,41,,,,,,,,,,,,,,,,
Fred Vinson,SG,29,SEA,8,40,,,,,,,,,,,,,,,,
Donny Marshall,SF,27,CLE,6,39,,,,,,,,,,,,,,,,
Antonio Lang,SF,27,2TM,10,38,,,,,,,,,,,,,,,,
Antonio Lang,SF,27,TOR,7,32,,,,,,,,,,,,,,,,
Antonio Lang,SF,27,PHI,3,6,,,,,,,,,,,,,,,,
DeMarco Johnson,PF,24,NYK,5,37,,,,,,,,,,,,,,,,
Michael Hawkins,PG,27,CHH,12,36,,,,,,,,,,,,,,,,
Johnny Taylor,SF,25,2TM,6,34,,,,,,,,,,,,,,,,
Johnny Taylor,SF,25,DEN,1,5,,,,,,,,,,,,,,,,
Johnny Taylor,SF,25,ORL,5,29,,,,,,,,,,,,,,,,
David Wingate,SG,36,NYK,7,32,,,,,,,,,,,,,,,,
Joe Kleine,C,38,POR,7,31,,,,,,,,,,,,,,,,
Eldridge Recasner,PG,32,CHH,7,28,,,,,,,,,,,,,,,,
Ryan Robertson,SG,23,SAC,1,25,,,,,,,,,,,,,,,,
Gary Grant,PG,34,POR,3,24,,,,,,,,,,,,,,,,
Aleksandar Radojević,C,23,TOR,3,24,,,,,,,,,,,,,,,,
Tim James,SF,23,MIA,4,23,,,,,,,,,,,,,,,,
Kiwane Lemorris Garris,SG,25,ORL,3,23,,,,,,,,,,,,,,,,
Ben Davis,PF,27,PHO,5,22,,,,,,,,,,,,,,,,
Ira Bowman,SG,26,PHI,11,20,,,,,,,,,,,,,,,,
Andrae Patterson,PF,24,MIN,5,20,,,,,,,,,,,,,,,,
Sean Marks,PF,24,TOR,5,12,,,,,,,,,,,,,,,,
Marty Conlon,C,32,LAC,3,9,,,,,,,,,,,,,,,,
Benoit Benjamin,C,35,CLE,3,8,,,,,,,,,,,,,,,,
Rodrick Rhodes,SF,26,DAL,1,8,,,,,,,,,,,,,,,,
Derek Hood,PF,23,CHH,2,4,,,,,,,,,,,,,,,,
Mario Bennett,PF,26,LAC,1,3,,,,,,,,,,,,,,,,
Jason Miskiri,PG,24,CHH,1,3,,,,,,,,,,,,,,,,
Randell Jackson,PF,24,DAL,1,1,,,,,,,,,,,,,,,,
League Average,,,,0,0,,,,,,,,,,,,,,,,
