name_display,pos,age,team_name_abbr,games,games_started,mp,fg,fga,fg_pct,fg3,fg3a,fg3_pct,fg2,fg2a,fg2_pct,efg_pct,ft,fta,ft_pct,orb,drb,trb,ast,stl,blk,tov,pf,pts
Shaquille O'Neal,C,27,LAL,23,23,1000,286,505,0.566,0,0,0.0,286,505,0.566,0.566,135,296,0.456,119,236,355,71,13,55,56,67,707
Reggie Miller,SG,34,IND,22,22,892,174,385,0.452,58,147,0.395,116,238,0.487,0.527,121,129,0.938,9,44,53,60,23,10,28,37,527
Jalen Rose,SF,27,IND,23,23,964,171,391,0.437,30,70,0.429,141,321,0.439,0.476,107,133,0.805,10,91,101,78,16,11,50,71,479
Kobe Bryant,SG,21,LAL,22,22,857,174,394,0.442,22,64,0.344,152,330,0.461,0.47,95,126,0.754,26,72,98,97,32,32,55,89,465
Latrell Sprewell,SF,29,NYK,16,16,700,110,266,0.414,10,30,0.333,100,236,0.424,0.432,69,88,0.784,12,58,70,58,18,5,37,28,299
Rasheed Wallace,PF,25,POR,16,16,605,110,225,0.489,8,13,0.615,102,212,0.481,0.507,58,75,0.773,31,72,103,28,15,20,23,52,286
Glen Rice,SF,32,LAL,23,23,766,93,228,0.408,28,67,0.418,65,161,0.404,0.469,71,89,0.798,10,82,92,48,15,4,36,50,285
Allan Houston,SG,28,NYK,16,16,654,103,235,0.438,19,38,0.5,84,197,0.426,0.479,56,65,0.862,3,49,52,26,19,3,36,42,281
Steve Smith,SG,30,POR,16,16,604,88,181,0.486,29,53,0.547,59,128,0.461,0.566,69,78,0.885,13,27,40,44,19,4,27,44,274
Karl Malone,PF,36,UTA,10,10,386,103,198,0.52,2,2,1.0,101,196,0.515,0.525,64,79,0.81,19,70,89,31,7,7,27,31,272
Allen Iverson,SG,24,PHI,10,10,444,91,237,0.384,12,39,0.308,79,198,0.399,0.409,68,92,0.739,14,26,40,45,12,1,32,24,262
Rik Smits,C,33,IND,22,21,461,103,207,0.498,0,1,0.0,103,206,0.5,0.498,35,40,0.875,24,54,78,21,10,20,27,84,241
Scottie Pippen,SF,34,POR,16,16,614,83,198,0.419,21,70,0.3,62,128,0.484,0.472,52,70,0.743,22,92,114,69,32,7,37,49,239
Austin Croshere,PF,24,IND,23,2,490,64,153,0.418,15,37,0.405,49,116,0.422,0.467,73,87,0.839,31,78,109,19,9,16,25,51,216
Alonzo Mourning,C,29,MIA,10,10,376,76,157,0.484,0,1,0.0,76,156,0.487,0.484,64,96,0.667,31,69,100,14,2,33,24,40,216
Travis Best,PG,27,IND,23,0,463,77,179,0.43,13,30,0.433,64,149,0.43,0.466,37,44,0.841,15,42,57,66,19,4,25,61,204
Patrick Ewing,C,37,NYK,14,14,461,71,170,0.418,0,0,0.0,71,170,0.418,0.418,62,89,0.697,29,104,133,6,16,20,27,48,204
Ron Harper,PG,36,LAL,23,23,643,78,181,0.431,9,39,0.231,69,142,0.486,0.456,33,47,0.702,30,55,85,73,23,13,28,63,198
Dale Davis,C,30,IND,23,23,714,79,151,0.523,0,0,0.0,79,151,0.523,0.523,32,59,0.542,83,180,263,17,11,31,18,83,190
Mark Jackson,PG,34,IND,23,23,634,69,176,0.392,21,67,0.313,48,109,0.44,0.452,28,31,0.903,12,74,86,178,19,2,43,42,187
Anfernee Hardaway,SG,28,PHO,9,9,386,67,145,0.462,5,19,0.263,62,126,0.492,0.479,44,62,0.71,14,30,44,51,14,9,25,29,183
Arvydas Sabonis,C,35,POR,16,16,493,68,150,0.453,6,21,0.286,62,129,0.481,0.473,39,49,0.796,19,88,107,31,14,13,26,59,181
Larry Johnson,PF,30,NYK,16,16,589,70,152,0.461,13,33,0.394,57,119,0.479,0.503,27,34,0.794,15,65,80,26,8,2,23,47,180
Robert Horry,PF,29,LAL,23,0,618,59,145,0.407,17,59,0.288,42,86,0.488,0.466,40,57,0.702,38,85,123,58,20,19,30,88,175
Jamal Mashburn,SF,27,MIA,10,10,423,63,157,0.401,13,33,0.394,50,124,0.403,0.443,36,42,0.857,9,37,46,32,11,2,24,30,175
Clifford Robinson,SF,33,PHO,9,9,333,56,145,0.386,13,40,0.325,43,105,0.41,0.431,33,45,0.733,18,36,54,19,11,7,18,35,158
Charlie Ward,PG,29,NYK,16,16,439,57,113,0.504,21,53,0.396,36,60,0.6,0.597,15,21,0.714,11,57,68,65,22,5,20,40,150
Damon Stoudamire,PG,26,POR,16,16,447,56,135,0.415,10,30,0.333,46,105,0.438,0.452,20,24,0.833,8,34,42,58,8,4,19,43,142
Bryon Russell,SF,29,UTA,10,10,371,48,114,0.421,13,45,0.289,35,69,0.507,0.478,31,41,0.756,9,43,52,21,16,5,15,27,140
Aaron McKie,SG,27,PHI,10,6,331,50,103,0.485,12,35,0.343,38,68,0.559,0.544,26,31,0.839,4,32,36,46,4,2,16,26,138
Theo Ratliff,PF,26,PHI,10,10,374,48,101,0.475,0,0,0.0,48,101,0.475,0.475,34,47,0.723,28,51,79,9,10,30,17,35,130
Gary Payton,PG,31,SEA,5,5,221,50,113,0.442,9,23,0.391,41,90,0.456,0.482,20,26,0.769,8,30,38,37,9,1,18,16,129
Rodney Rogers,PF,28,PHO,9,0,263,48,115,0.417,8,36,0.222,40,79,0.506,0.452,23,31,0.742,16,45,61,14,10,10,15,31,127
Tyrone Hill,PF,31,PHI,10,10,352,46,100,0.46,0,1,0.0,46,99,0.465,0.46,31,44,0.705,36,61,97,9,9,1,12,38,123
Chris Webber,PF,26,SAC,5,5,196,47,110,0.427,1,5,0.2,46,105,0.438,0.432,27,34,0.794,14,34,48,27,8,10,8,14,122
Brian Shaw,SG,33,LAL,22,1,408,45,107,0.421,16,48,0.333,29,59,0.492,0.495,13,16,0.813,7,44,51,67,11,4,17,46,119
Jeff Hornacek,SG,36,UTA,10,10,297,43,102,0.422,9,22,0.409,34,80,0.425,0.466,20,24,0.833,9,21,30,33,10,0,15,28,115
John Stockton,PG,37,UTA,10,10,350,41,89,0.461,7,18,0.389,34,71,0.479,0.5,23,30,0.767,7,23,30,103,13,2,26,30,112
Ray Allen,SG,24,MIL,5,5,186,40,90,0.444,10,26,0.385,30,64,0.469,0.5,20,22,0.909,10,23,33,13,8,0,9,10,110
Sam Perkins,PF,38,IND,23,0,417,34,105,0.324,23,66,0.348,11,39,0.282,0.433,19,21,0.905,17,56,73,10,4,6,8,45,110
Bonzi Wells,SF,23,POR,14,0,188,37,83,0.446,2,10,0.2,35,73,0.479,0.458,29,41,0.707,12,23,35,13,7,0,16,33,105
Rick Fox,SF,30,LAL,23,0,331,33,73,0.452,18,39,0.462,15,34,0.441,0.575,16,21,0.762,11,27,38,28,9,0,16,68,100
Derek Fisher,PG,25,LAL,21,0,322,34,79,0.43,12,29,0.414,22,50,0.44,0.506,19,25,0.76,4,18,22,41,11,1,9,30,99
David Robinson,C,34,SAS,4,4,155,31,83,0.373,0,1,0.0,31,82,0.378,0.373,32,42,0.762,17,38,55,10,7,12,8,15,94
Toni Kukoč,SF,31,PHI,10,0,257,36,93,0.387,11,34,0.324,25,59,0.424,0.446,10,17,0.588,7,30,37,17,10,3,15,26,93
A.C. Green,PF,36,LAL,23,23,429,37,90,0.411,0,0,0.0,37,90,0.411,0.411,16,23,0.696,43,53,96,13,14,3,9,44,90
Dan Majerle,SG,34,MIA,10,10,372,30,71,0.423,20,50,0.4,10,21,0.476,0.563,10,14,0.714,5,65,70,32,21,1,11,34,90
Chris Childs,PG,32,NYK,16,0,334,27,70,0.386,9,28,0.321,18,42,0.429,0.45,24,28,0.857,1,36,37,39,7,0,14,53,87
Brian Grant,PF,27,POR,16,0,320,29,65,0.446,0,0,0.0,29,65,0.446,0.446,29,39,0.744,37,55,92,8,6,6,17,53,87
Detlef Schrempf,SF,37,POR,15,0,276,22,56,0.393,1,6,0.167,21,50,0.42,0.402,39,47,0.83,10,43,53,30,4,0,15,29,84
Shawn Marion,SF,21,PHO,9,9,281,36,86,0.419,1,6,0.167,35,80,0.438,0.424,9,11,0.818,21,58,79,7,6,14,7,17,82
Derrick Coleman,PF,32,CHH,4,4,169,27,57,0.474,5,16,0.313,22,41,0.537,0.518,22,28,0.786,10,40,50,14,3,12,13,11,81
Sam Cassell,PG,30,MIL,5,5,178,30,72,0.417,1,5,0.2,29,67,0.433,0.424,18,21,0.857,0,17,17,45,4,0,9,19,79
Terrell Brandon,PG,29,MIN,4,4,162,32,63,0.508,4,11,0.364,28,52,0.538,0.54,10,11,0.909,4,19,23,34,3,0,8,11,78
Marcus Camby,C,25,NYK,16,0,386,29,86,0.337,0,1,0.0,29,85,0.341,0.337,19,31,0.613,35,77,112,6,8,23,12,51,77
Anthony Carter,PG,24,MIA,10,3,275,32,77,0.416,1,6,0.167,31,71,0.437,0.422,12,16,0.75,8,32,40,56,12,2,23,22,77
Rashard Lewis,SF,20,SEA,5,5,157,26,59,0.441,9,19,0.474,17,40,0.425,0.517,16,20,0.8,12,19,31,3,5,3,10,11,77
Glenn Robinson,SF,27,MIL,5,5,174,32,79,0.405,2,7,0.286,30,72,0.417,0.418,11,13,0.846,0,21,21,13,8,4,15,18,77
Tim Thomas,SF,22,MIL,5,0,142,29,59,0.492,5,15,0.333,24,44,0.545,0.534,14,17,0.824,6,18,24,10,1,4,1,14,77
P.J. Brown,PF,30,MIA,10,10,308,35,82,0.427,0,0,0.0,35,82,0.427,0.427,5,6,0.833,26,56,82,11,8,4,11,42,75
Kevin Garnett,PF,23,MIN,4,4,171,30,78,0.385,2,3,0.667,28,75,0.373,0.397,13,16,0.813,13,30,43,35,5,3,11,12,75
Jerry Stackhouse,SG,25,DET,3,3,120,24,59,0.407,3,7,0.429,21,52,0.404,0.432,23,31,0.742,1,11,12,10,2,0,14,4,74
Vin Baker,C,28,SEA,5,4,177,30,75,0.4,0,1,0.0,30,74,0.405,0.4,10,17,0.588,16,22,38,10,5,2,16,19,70
Matt Geiger,C,30,PHI,8,0,128,25,50,0.5,0,0,0.0,25,50,0.5,0.5,20,25,0.8,17,23,40,2,5,2,5,23,70
Kurt Thomas,PF,27,NYK,16,0,251,31,61,0.508,0,0,0.0,31,61,0.508,0.508,7,10,0.7,18,32,50,5,3,6,14,44,69
Eddie Jones,SG,28,CHH,4,4,171,22,58,0.379,9,26,0.346,13,32,0.406,0.457,15,16,0.938,4,16,20,19,10,3,5,12,68
Clarence Weatherspoon,PF,29,MIA,10,0,170,25,60,0.417,0,0,0.0,25,60,0.417,0.417,14,24,0.583,18,23,41,1,4,3,8,23,64
Greg Anthony,PG,32,POR,15,0,213,19,52,0.365,10,31,0.323,9,21,0.429,0.462,12,16,0.75,2,14,16,25,13,4,12,27,60
Jason Kidd,PG,26,PHO,6,6,229,22,55,0.4,8,22,0.364,14,33,0.424,0.473,7,9,0.778,8,32,40,53,11,1,23,14,59
George Lynch,SF,29,PHI,10,10,293,22,65,0.338,1,7,0.143,21,58,0.362,0.346,14,18,0.778,26,45,71,14,9,5,8,33,59
Olden Polynice,C,35,UTA,10,10,260,28,52,0.538,0,0,0.0,28,52,0.538,0.538,3,6,0.5,24,42,66,5,3,8,13,36,59
Vince Carter,SF,23,TOR,3,3,119,15,50,0.3,1,10,0.1,14,40,0.35,0.31,27,31,0.871,9,9,18,19,3,4,8,12,58
Elden Campbell,C,31,CHH,4,4,150,22,47,0.468,0,1,0.0,22,46,0.478,0.468,13,14,0.929,9,24,33,4,2,4,8,16,57
Tony Delk,PG,26,SAC,5,0,101,18,41,0.439,3,5,0.6,15,36,0.417,0.476,17,23,0.739,11,7,18,7,3,0,8,11,56
Vlade Divac,C,31,SAC,5,5,160,20,56,0.357,0,2,0.0,20,54,0.37,0.357,16,23,0.696,9,27,36,14,7,4,9,22,56
Tim Hardaway,PG,33,MIA,7,7,182,20,68,0.294,7,34,0.206,13,34,0.382,0.346,7,10,0.7,1,14,15,33,5,0,11,10,54
Jason Williams,PG,24,SAC,5,5,145,18,48,0.375,8,25,0.32,10,23,0.435,0.458,8,10,0.8,1,7,8,12,3,0,8,8,52
Howard Eisley,PG,27,UTA,10,0,200,17,55,0.309,9,19,0.474,8,36,0.222,0.391,8,9,0.889,1,17,18,19,6,1,13,24,51
Scott Williams,C,31,MIL,5,0,93,23,36,0.639,0,0,0.0,23,36,0.639,0.639,5,6,0.833,9,19,28,2,2,5,4,16,51
Shammond Williams,PG,24,SEA,5,2,99,18,33,0.545,7,11,0.636,11,22,0.5,0.652,8,11,0.727,2,9,11,18,8,0,6,3,51
Anthony Mason,SF,33,CHH,4,4,179,18,38,0.474,0,1,0.0,18,37,0.486,0.474,14,20,0.7,16,23,39,22,4,0,13,13,50
Tracy McGrady,SF,20,TOR,3,3,111,17,44,0.386,2,7,0.286,15,37,0.405,0.409,14,16,0.875,10,11,21,9,3,3,10,10,50
Malik Sealy,SF,29,MIN,4,4,122,19,41,0.463,1,3,0.333,18,38,0.474,0.476,11,16,0.688,5,13,18,5,2,0,8,10,50
Avery Johnson,PG,34,SAS,4,4,144,19,42,0.452,0,0,0.0,19,42,0.452,0.452,10,14,0.714,2,7,9,21,4,0,10,10,48
Derrick McKey,SF,33,IND,23,0,352,15,32,0.469,1,6,0.167,14,26,0.538,0.484,16,20,0.8,25,54,79,14,7,4,19,45,47
Corie Blount,PF,31,PHO,9,0,162,17,31,0.548,0,0,0.0,17,31,0.548,0.548,10,18,0.556,25,31,56,3,6,6,13,36,44
Peja Stojaković,SF,22,SAC,5,0,129,16,40,0.4,6,13,0.462,10,27,0.37,0.475,6,9,0.667,2,15,17,3,4,0,5,7,44
David Wesley,PG,29,CHH,4,4,152,16,48,0.333,3,10,0.3,13,38,0.342,0.365,9,9,1.0,3,9,12,19,8,0,6,17,44
Brent Barry,SG,28,SEA,5,3,155,12,33,0.364,8,20,0.4,4,13,0.308,0.485,10,14,0.714,3,10,13,15,3,3,7,20,42
Todd Day,SG,30,PHO,9,0,100,16,35,0.457,5,16,0.313,11,19,0.579,0.529,5,10,0.5,6,4,10,4,4,1,4,24,42
Ruben Patterson,SF,24,SEA,5,0,84,14,26,0.538,0,2,0.0,14,24,0.583,0.538,13,15,0.867,9,6,15,2,3,2,8,6,41
Sean Elliott,SF,31,SAS,4,4,119,15,40,0.375,5,13,0.385,10,27,0.37,0.438,5,8,0.625,1,21,22,5,0,2,4,13,40
Jon Barry,SG,30,SAC,5,0,102,9,21,0.429,7,12,0.583,2,9,0.222,0.595,14,16,0.875,2,10,12,12,3,0,4,7,39
Antonio Davis,C,31,TOR,3,3,105,14,24,0.583,0,0,0.0,14,24,0.583,0.583,11,14,0.786,7,18,25,3,1,4,4,9,39
Kevin Willis,PF,37,TOR,3,0,76,12,33,0.364,0,0,0.0,12,33,0.364,0.364,15,20,0.75,6,20,26,1,2,0,2,11,39
Luc Longley,C,31,PHO,9,9,162,18,51,0.353,0,0,0.0,18,51,0.353,0.353,2,3,0.667,12,18,30,8,4,4,10,36,38
Eric Snow,PG,26,PHI,5,4,138,15,31,0.484,3,4,0.75,12,27,0.444,0.532,4,4,1.0,0,10,10,35,4,1,7,14,37
Nick Anderson,SG,32,SAC,5,5,132,11,34,0.324,7,20,0.35,4,14,0.286,0.426,7,8,0.875,4,13,17,2,1,3,4,9,36
Samaki Walker,PF,23,SAS,4,4,121,14,31,0.452,0,0,0.0,14,31,0.452,0.452,8,12,0.667,13,32,45,2,1,12,8,13,36
Bruce Bowen,SF,28,MIA,10,0,157,10,27,0.37,5,22,0.227,5,5,1.0,0.463,10,16,0.625,1,9,10,8,7,4,6,27,35
Armen Gilliam,PF,35,UTA,10,0,132,15,46,0.326,0,0,0.0,15,46,0.326,0.326,5,13,0.385,6,23,29,4,4,4,11,15,35
Otis Thorpe,PF,37,MIA,10,0,136,13,27,0.481,0,1,0.0,13,26,0.5,0.481,7,14,0.5,6,23,29,3,0,2,11,29,33
Corliss Williamson,SF,26,SAC,5,5,87,11,16,0.688,0,0,0.0,11,16,0.688,0.688,11,12,0.917,4,11,15,1,1,0,5,8,33
Ervin Johnson,C,32,MIL,5,5,155,10,20,0.5,0,0,0.0,10,20,0.5,0.5,11,18,0.611,14,35,49,2,6,6,3,19,31
Chris Mullin,SG,36,IND,9,1,90,10,21,0.476,2,8,0.25,8,13,0.615,0.524,9,11,0.818,2,12,14,5,6,1,4,7,31
Mario Elie,SF,36,SAS,4,4,115,6,22,0.273,1,7,0.143,5,15,0.333,0.295,17,18,0.944,5,12,17,7,5,0,12,4,30
Brad Miller,C,23,CHH,4,0,62,9,17,0.529,0,0,0.0,9,17,0.529,0.529,12,15,0.8,8,5,13,3,0,3,9,11,30
Charles Oakley,PF,36,TOR,3,3,110,14,29,0.483,2,7,0.286,12,22,0.545,0.517,0,1,0.0,2,21,23,11,6,1,5,14,30
Greg Ostertag,C,26,UTA,8,0,172,10,19,0.526,0,0,0.0,10,19,0.526,0.526,10,22,0.455,19,26,45,2,2,17,8,20,30
Anthony Peeler,SG,30,MIN,4,0,90,11,24,0.458,2,10,0.2,9,14,0.643,0.5,6,8,0.75,2,7,9,5,3,1,1,9,30
Antonio Daniels,SG,24,SAS,4,0,82,9,23,0.391,2,8,0.25,7,15,0.467,0.435,9,13,0.692,2,8,10,6,7,0,6,5,29
Kevin Johnson,PG,33,PHO,9,0,129,12,37,0.324,0,3,0.0,12,34,0.353,0.324,5,6,0.833,0,13,13,23,3,1,13,10,29
Michael Curry,SG,31,DET,3,1,79,12,23,0.522,0,0,0.0,12,23,0.522,0.522,4,6,0.667,0,3,3,3,1,1,2,5,28
Jacque Vaughn,PG,24,UTA,7,0,67,10,28,0.357,1,2,0.5,9,26,0.346,0.375,7,8,0.875,4,8,12,11,4,1,9,5,28
Vinny Del Negro,PG,33,MIL,5,0,93,13,30,0.433,0,2,0.0,13,28,0.464,0.433,0,0,0.0,0,8,8,9,3,0,3,4,26
Quincy Lewis,SG,22,UTA,8,0,106,10,27,0.37,2,6,0.333,8,21,0.381,0.407,4,5,0.8,2,13,15,2,3,7,3,24,26
Darvin Ham,SF,26,MIL,5,5,144,11,17,0.647,0,1,0.0,11,16,0.688,0.647,3,9,0.333,17,12,29,7,1,8,7,22,25
Lindsey Hunter,PG,29,DET,3,3,93,10,32,0.313,1,9,0.111,9,23,0.391,0.328,4,6,0.667,0,7,7,5,5,1,5,4,25
Terry Mills,PF,32,DET,3,3,77,9,15,0.6,6,9,0.667,3,6,0.5,0.8,1,2,0.5,0,6,6,1,2,0,2,12,25
Rasho Nesterović,C,23,MIN,4,4,126,11,25,0.44,0,0,0.0,11,25,0.44,0.44,3,6,0.5,5,8,13,6,3,7,4,20,25
Horace Grant,PF,34,SEA,5,5,185,11,27,0.407,0,0,0.0,11,27,0.407,0.407,2,4,0.5,8,23,31,10,8,5,1,12,24
Wally Szczerbiak,SF,22,MIN,4,4,94,12,30,0.4,0,3,0.0,12,27,0.444,0.4,0,0,0.0,2,6,8,2,3,1,1,7,24
Baron Davis,PG,20,CHH,4,0,57,10,23,0.435,1,6,0.167,9,17,0.529,0.457,2,4,0.5,3,3,6,6,4,0,3,6,23
Sam Mitchell,SF,36,MIN,4,0,68,9,18,0.5,2,5,0.4,7,13,0.538,0.556,3,3,1.0,2,5,7,2,0,1,4,5,23
Devean George,SF,22,LAL,9,0,45,7,19,0.368,2,10,0.2,5,9,0.556,0.421,6,11,0.545,4,6,10,2,1,0,3,5,22
Grant Hill,SF,27,DET,2,2,55,6,16,0.375,1,2,0.5,5,14,0.357,0.406,9,10,0.9,0,11,11,9,1,0,10,7,22
Malik Rose,PF,25,SAS,4,0,83,8,18,0.444,0,0,0.0,8,18,0.444,0.444,5,9,0.556,5,14,19,1,2,3,7,12,21
Christian Laettner,C,30,DET,3,3,75,7,17,0.412,0,0,0.0,7,17,0.412,0.412,6,8,0.75,2,13,15,6,0,1,3,14,20
Kevin Ollie,PG,27,PHI,10,0,65,6,12,0.5,0,0,0.0,6,12,0.5,0.5,8,9,0.889,0,5,5,12,2,0,3,5,20
Scot Pollard,C,24,SAC,5,0,70,9,16,0.563,0,0,0.0,9,16,0.563,0.563,2,6,0.333,6,10,16,1,2,1,3,18,20
Terry Porter,PG,36,SAS,4,0,89,8,31,0.258,4,14,0.286,4,17,0.235,0.323,0,0,0.0,0,1,1,5,6,0,7,4,20
Greg Foster,PF,31,SEA,5,0,68,7,19,0.368,2,5,0.4,5,14,0.357,0.421,2,2,1.0,1,10,11,1,0,1,3,14,18
Travis Knight,C,25,LAL,14,0,48,8,15,0.533,0,0,0.0,8,15,0.533,0.533,2,6,0.333,3,2,5,0,1,3,6,16,18
Mikki Moore,C,24,DET,3,0,42,5,12,0.417,0,0,0.0,5,12,0.417,0.417,8,8,1.0,7,5,12,3,1,0,4,9,18
Joe Smith,C,24,MIN,4,0,79,8,17,0.471,0,1,0.0,8,16,0.5,0.471,2,2,1.0,7,5,12,1,3,1,4,15,18
John Salley,C,35,LAL,18,0,78,5,13,0.385,0,0,0.0,5,13,0.385,0.385,7,10,0.7,9,13,22,4,1,6,4,16,17
Muggsy Bogues,PG,35,TOR,3,2,87,6,21,0.286,3,9,0.333,3,12,0.25,0.357,1,3,0.333,3,3,6,5,4,0,4,4,16
Bobby Jackson,PG,26,MIN,3,0,30,4,8,0.5,1,3,0.333,3,5,0.6,0.563,6,6,1.0,0,5,5,4,2,1,2,4,15
Scott Padgett,PF,23,UTA,8,0,59,6,16,0.375,3,9,0.333,3,7,0.429,0.469,0,0,0.0,3,14,17,5,1,2,4,10,15
Jerome Williams,PF,26,DET,3,0,73,7,14,0.5,0,0,0.0,7,14,0.5,0.5,1,8,0.125,7,14,21,2,3,0,3,8,15
Randy Livingston,PG,24,PHO,7,3,63,6,27,0.222,2,6,0.333,4,21,0.19,0.259,0,0,0.0,2,5,7,4,4,1,4,6,14
Jonathan Bender,SF,19,IND,9,0,21,4,6,0.667,1,1,1.0,3,5,0.6,0.75,3,6,0.5,0,3,3,0,1,0,0,2,12
Doug Christie,SG,29,TOR,3,1,61,3,13,0.231,3,8,0.375,0,5,0.0,0.346,3,6,0.5,1,4,5,6,4,1,4,10,12
Jermaine O'Neal,C,21,POR,8,0,38,3,11,0.273,0,0,0.0,3,11,0.273,0.273,6,9,0.667,2,5,7,1,0,3,0,9,12
Eddie Robinson,SF,23,CHH,4,0,45,5,12,0.417,0,0,0.0,5,12,0.417,0.417,2,2,1.0,1,2,3,4,2,1,1,2,12
Žan Tabak,C,29,IND,10,0,47,4,8,0.5,0,0,0.0,4,8,0.5,0.5,4,4,1.0,4,12,16,0,0,2,1,10,12
Rodney Buford,SG,22,MIA,1,0,16,4,8,0.5,1,2,0.5,3,6,0.5,0.563,2,2,1.0,0,1,1,1,0,0,0,3,11
Lazaro Borrell,SF,27,SEA,2,1,26,4,7,0.571,0,0,0.0,4,7,0.571,0.571,2,4,0.5,3,8,11,1,0,0,1,2,10
Lawrence Funderburke,PF,29,SAC,4,0,34,4,9,0.444,0,0,0.0,4,9,0.444,0.444,2,4,0.5,4,7,11,0,1,0,0,0,10
Darrick Martin,PG,28,SAC,2,0,21,3,9,0.333,1,3,0.333,2,6,0.333,0.389,3,4,0.75,1,2,3,2,1,0,3,4,10
Stacey Augmon,SG,31,POR,7,0,34,4,12,0.333,0,0,0.0,4,12,0.333,0.333,1,2,0.5,0,2,2,0,0,0,0,6,9
Todd MacCulloch,C,24,PHI,5,0,24,2,3,0.667,0,0,0.0,2,3,0.667,0.667,4,6,0.667,3,6,9,0,0,0,0,2,8
Dell Curry,SG,35,TOR,3,0,30,2,4,0.5,2,3,0.667,0,1,0.0,0.75,1,2,0.5,1,1,2,1,2,0,2,4,7
Jud Buechler,SF,31,DET,3,0,34,2,7,0.286,2,5,0.4,0,2,0.0,0.429,0,0,0.0,0,4,4,1,0,1,0,4,6
John Crotty,PG,30,DET,3,0,51,2,10,0.2,0,3,0.0,2,7,0.286,0.2,2,2,1.0,0,4,4,4,1,1,4,4,6
Oliver Miller,C,29,PHO,7,0,37,2,9,0.222,0,3,0.0,2,6,0.333,0.222,2,4,0.5,2,6,8,1,0,2,2,8,6
Derrick Dial,SG,24,SAS,2,0,8,2,4,0.5,0,0,0.0,2,4,0.5,0.5,1,2,0.5,2,0,2,0,0,0,0,1,5
Toby Bailey,SG,24,PHO,5,0,15,1,4,0.25,0,0,0.0,1,4,0.25,0.25,2,4,0.5,1,1,2,2,0,0,0,1,4
Tyrone Corbin,SF,37,SAC,3,0,23,2,5,0.4,0,2,0.0,2,3,0.667,0.4,0,1,0.0,1,4,5,3,0,0,0,2,4
Chris Dudley,C,34,NYK,5,2,43,1,2,0.5,0,0,0.0,1,2,0.5,0.5,2,2,1.0,5,7,12,2,1,1,1,11,4
Jelani McCoy,C,22,SEA,3,0,26,2,5,0.4,0,0,0.0,2,5,0.4,0.4,0,3,0.0,0,6,6,2,0,0,2,6,4
Mirsad Türkcan,PF,23,MIL,2,0,10,1,5,0.2,0,1,0.0,1,4,0.25,0.2,2,2,1.0,0,2,2,0,0,0,3,1,4
Dean Garrett,C,33,MIN,3,0,16,1,2,0.5,0,0,0.0,1,2,0.5,0.5,1,2,0.5,1,1,2,0,0,1,0,2,3
Jaren Jackson,SG,32,SAS,2,0,19,0,3,0.0,0,1,0.0,0,2,0.0,0.0,2,4,0.5,0,1,1,2,1,0,0,1,2
Jumaine Jones,SF,20,PHI,4,0,8,1,3,0.333,0,2,0.0,1,1,1.0,0.333,0,0,0.0,0,0,0,0,0,0,0,0,2
Jerome Kersey,SF,37,SAS,2,0,25,1,7,0.143,0,0,0.0,1,7,0.143,0.143,0,0,0.0,2,2,4,1,2,1,1,5,2
Mark Strickland,SF,29,MIA,1,0,10,1,3,0.333,0,0,0.0,1,3,0.333,0.333,0,2,0.0,0,0,0,0,2,0,1,0,2
Gary Grant,PG,34,POR,2,0,8,0,2,0.0,0,0,0.0,0,2,0.0,0.0,1,2,0.5,0,0,0,1,0,0,0,0,1
Rafer Alston,PG,23,MIL,4,0,16,0,3,0.0,0,1,0.0,0,2,0.0,0.0,0,2,0.0,0,0,0,1,0,0,1,0,0
Ira Bowman,SG,26,PHI,7,0,11,0,2,0.0,0,1,0.0,0,1,0.0,0.0,0,2,0.0,0,0,0,2,0,0,0,0,0
Dee Brown,PG,31,TOR,3,0,19,0,4,0.0,0,3,0.0,0,1,0.0,0.0,0,0,0.0,0,2,2,2,2,0,1,4,0
Rick Brunson,PG,27,NYK,3,0,4,0,1,0.0,0,0,0.0,0,1,0.0,0.0,0,0,0.0,0,0,0,1,1,0,0,2,0
Tom Hammonds,PF,32,MIN,1,0,2,0,0,0.0,0,0,0.0,0,0,0.0,0.0,0,0,0.0,0,0,0,0,0,0,0,0,0
Danny Manning,PF,33,MIL,1,0,5,0,1,0.0,0,0,0.0,0,1,0.0,0.0,0,0,0.0,0,1,1,0,0,0,0,0,0
Eric Montross,C,28,DET,2,0,5,0,0,0.0,0,0,0.0,0,0,0.0,0.0,0,0,0.0,0,2,2,0,0,0,0,2,0
Chuck Person,SF,35,SEA,2,0,2,0,1,0.0,0,1,0.0,0,0,0.0,0.0,0,0,0.0,0,0,0,0,0,0,0,0,0
John Thomas,C,24,TOR,1,0,1,0,0,0.0,0,0,0.0,0,0,0.0,0.0,0,0,0.0,0,0,0,0,0,0,0,0,0
Robert Traylor,PF,22,MIL,1,0,4,0,1,0.0,0,0,0.0,0,1,0.0,0.0,0,0,0.0,1,1,2,1,0,1,0,2,0
Loy Vaught,PF,31,DET,2,0,16,0,3,0.0,0,0,0.0,0,3,0.0,0.0,0,0,0.0,1,5,6,0,2,0,1,1,0
John Wallace,SF,25,NYK,1,0,4,0,2,0.0,0,0,0.0,0,2,0.0,0.0,0,0,0.0,0,1,1,0,1,0,1,1,0
Alvin Williams,PG,25,TOR,1,0,1,0,0,0.0,0,0,0.0,0,0,0.0,0.0,0,0,0.0,0,0,0,0,0,0,0,0,0
League Average,,,,0,0,0,0,0,0.436,0,0,0.352,0,0,0.455,0.469,0,0,0.737,0,0,0,0,0,0,0,0,0
