rank,player,value,season,team_id
1.,Nikola Jokić,,2021-22,
2.,Nikola Jokić,,2025-26,
3.,Wilt Chamberlain,,1961-62,
4.,Giannis Antetokounmpo,,2021-22,
5.,Nikola Jokić,,2024-25,
6.,Giannis Antetokounmpo,,2019-20,
7.,Wilt Chamberlain,,1962-63,
8.,Michael Jordan,,1987-88,
9.,LeBron James,,2008-09,
10.,Wilt Chamberlain,,1963-64,
11.,Michael Jordan,,1990-91,
12.,LeBron James,,2012-13,
13.,Nikola Jokić,,2022-23,
14.,Stephen Curry,,2015-16,
15.,Joel Embiid,,2022-23,
16.,Nikola Jokić,,2020-21,
17.,Michael Jordan,,1989-90,
18.,Joel Embiid,,2021-22,
19.,Michael Jordan,,1988-89,
20.,LeBron James,,2009-10,
21.,Nikola Jokić,,2023-24,
22.,Giannis Antetokounmpo,,2018-19,
23.,Anthony Davis,,2014-15,
24.,Shai Gilgeous-Alexander,,2025-26,
25.,LeBron James,,2011-12,
26.,David Robinson,,1993-94,
27.,Shai Gilgeous-Alexander,,2024-25,
28.,Shaquille O'Neal,,1999-00,
29.,Russell Westbrook,,2016-17,
30.,James Harden,,2018-19,
31.,Shaquille O'Neal,,1998-99,
32.,Giannis Antetokounmpo,,2024-25,
33.,Dwyane Wade,,2008-09,
34.,Tracy McGrady,,2002-03,
35.,Anthony Davis,,2018-19,
36.,Joel Embiid,,2020-21,
37.,Shaquille O'Neal,,2000-01,
38.,Chris Paul,,2008-09,
39.,Kareem Abdul-Jabbar,,1971-72,
40.,Giannis Antetokounmpo,,2023-24,
41.,Victor Wembanyama,,2025-26,
42.,James Harden,,2017-18,
43.,Kevin Durant,,2013-14,
44.,Michael Jordan,,1986-87,
45.,Connie Hawkins,,1968-69,
46.,Michael Jordan,,1992-93,
47.,Shaquille O'Neal,,2001-02,
48.,Shaquille O'Neal,,2002-03,
49.,Kevin Garnett,,2003-04,
50.,David Robinson,,1995-96,
51.,Michael Jordan,,1995-96,
52.,Shai Gilgeous-Alexander,,2023-24,
53.,LeBron James,,2013-14,
54.,Kareem Abdul-Jabbar,,1977-78,
55.,Giannis Antetokounmpo,,2020-21,
56.,LeBron James,,2007-08,
57.,David Robinson,,1994-95,
58.,James Harden,,2019-20,
59.,Russell Westbrook,,2014-15,
60.,Giannis Antetokounmpo,,2022-23,
61.,George Mikan,,1953-54,
62.,Kareem Abdul-Jabbar,,1970-71,
63.,Charles Barkley,,1990-91,
64.,Dwyane Wade,,2006-07,
65.,Anthony Davis,,2017-18,
66.,Karl Malone,,1996-97,
67.,Shaquille O'Neal,,1997-98,
68.,Connie Hawkins,,1967-68,
69.,Luka Dončić,,2022-23,
70.,Julius Erving,,1975-76,
71.,Wilt Chamberlain,,1964-65,
72.,Shaquille O'Neal,,1994-95,
73.,LeBron James,,2017-18,
74.,Shaquille O'Neal,,1993-94,
75.,George Mikan,,1952-53,
76.,Kareem Abdul-Jabbar,,1972-73,
77.,Bob Pettit,,1956-57,
78.,Chris Paul,,2007-08,
79.,Kevin Durant,,2012-13,
80.,Wilt Chamberlain,,1965-66,
81.,Stephen Curry,,2017-18,
82.,Elgin Baylor,,1960-61,
83.,Kevin Garnett,,2004-05,
84.,Bob Pettit,,1958-59,
85.,Kevin Durant,,2015-16,
86.,Luka Dončić,,2023-24,
87.,Wilt Chamberlain,,1959-60,
88.,Dirk Nowitzki,,2005-06,
89.,LeBron James,,2005-06,
90.,Dwyane Wade,,2009-10,
91.,Spencer Haywood,,1969-70,
92.,Stephen Curry,,2014-15,
93.,Kobe Bryant,,2005-06,
94.,Karl Malone,,1997-98,
95.,Luka Dončić,,2025-26,
96.,Kawhi Leonard,,2025-26,
97.,David Robinson,,1997-98,
98.,Kareem Abdul-Jabbar,,1976-77,
99.,Wilt Chamberlain,,1960-61,
100.,Anthony Davis,,2022-23,
101.,Larry Bird,,1987-88,
102.,Michael Jordan,,1996-97,
103.,Michael Jordan,,1991-92,
104.,Oscar Robertson,,1963-64,
105.,Dwyane Wade,,2005-06,
106.,Dirk Nowitzki,,2006-07,
107.,Kevin Durant,,2016-17,
108.,Charles Barkley,,1987-88,
109.,Jimmy Butler,,2022-23,
110.,Luka Dončić,,2019-20,
111.,Russell Westbrook,,2015-16,
112.,Amar'e Stoudemire,,2007-08,
113.,Kawhi Leonard,,2016-17,
114.,LeBron James,,2015-16,
115.,Anthony Davis,,2016-17,
116.,David Robinson,,1991-92,
117.,Anthony Davis,,2019-20,
118.,David Robinson,,1990-91,
119.,Bob Pettit,,1955-56,
120.,James Harden,,2016-17,
121.,Hakeem Olajuwon,,1992-93,
122.,Giannis Antetokounmpo,,2017-18,
123.,LeBron James,,2010-11,
124.,Karl Malone,,1989-90,
125.,Kareem Abdul-Jabbar,,1975-76,
126.,Shai Gilgeous-Alexander,,2022-23,
127.,Shaquille O'Neal,,1996-97,
128.,Charles Barkley,,1989-90,
129.,Karl Malone,,1999-00,
130.,Zion Williamson,,2020-21,
131.,Tim Duncan,,2003-04,
132.,Chris Paul,,2011-12,
133.,Tim Duncan,,2004-05,
134.,LeBron James,,2016-17,
135.,Magic Johnson,,1986-87,
136.,Tim Duncan,,2001-02,
137.,Charles Barkley,,1988-89,
138.,Shaquille O'Neal,,2004-05,
139.,Tim Duncan,,2002-03,
140.,Magic Johnson,,1988-89,
141.,Damian Lillard,,2019-20,
142.,Kevin Love,,2013-14,
143.,Julius Erving,,1972-73,
144.,Neil Johnston,,1956-57,
145.,Kawhi Leonard,,2019-20,
146.,Kevin Garnett,,2005-06,
147.,Elgin Baylor,,1961-62,
148.,Moses Malone,,1981-82,
149.,Damian Lillard,,2022-23,
150.,James Harden,,2014-15,
151.,Oscar Robertson,,1964-65,
152.,Amar'e Stoudemire,,2004-05,
153.,George Mikan,,1951-52,
154.,Elgin Baylor,,1962-63,
155.,Magic Johnson,,1989-90,
156.,Artis Gilmore,,1971-72,
157.,Walt Bellamy,,1961-62,
158.,Elton Brand,,2005-06,
159.,Larry Bird,,1984-85,
160.,Wilt Chamberlain,,1966-67,
161.,Jimmy Butler,,2020-21,
162.,Isaiah Thomas,,2016-17,
163.,Karl-Anthony Towns,,2019-20,
164.,Anthony Davis,,2013-14,
165.,Yao Ming,,2006-07,
166.,Chris Paul,,2012-13,
167.,Larry Bird,,1986-87,
168.,Shaquille O'Neal,,1995-96,
169.,Kevin Garnett,,2002-03,
170.,Kareem Abdul-Jabbar,,1974-75,
171.,David Robinson,,1989-90,
172.,Nikola Jokić,,2016-17,
173.,Karl-Anthony Towns,,2018-19,
174.,Nikola Jokić,,2018-19,
175.,Dwyane Wade,,2011-12,
176.,Stephen Curry,,2020-21,
177.,Bob Pettit,,1957-58,
178.,Anthony Davis,,2024-25,
179.,Chris Paul,,2015-16,
180.,Oscar Robertson,,1961-62,
181.,Chris Paul,,2016-17,
182.,Karl Malone,,1992-93,
183.,Kevin Durant,,2011-12,
184.,Julius Erving,,1974-75,
185.,LeBron James,,2021-22,
186.,Kobe Bryant,,2002-03,
187.,Kevin Durant,,2009-10,
188.,Joel Embiid,,2018-19,
189.,DeMarcus Cousins,,2013-14,
190.,Tim Duncan,,2006-07,
191.,Dirk Nowitzki,,2004-05,
192.,Dwight Howard,,2010-11,
193.,Jalen Duren,,2025-26,
194.,Giannis Antetokounmpo,,2016-17,
195.,Kobe Bryant,,2006-07,
196.,Kawhi Leonard,,2015-16,
197.,Kawhi Leonard,,2020-21,
198.,Neil Johnston,,1954-55,
199.,Hakeem Olajuwon,,1994-95,
200.,Chris Paul,,2014-15,
201.,Karl Malone,,1995-96,
202.,Kevin Durant,,2017-18,
203.,LeBron James,,2014-15,
204.,Karl-Anthony Towns,,2016-17,
205.,Chris Paul,,2013-14,
206.,Julius Erving,,1981-82,
207.,Oscar Robertson,,1960-61,
208.,Allen Iverson,,2005-06,
209.,Charles Barkley,,1992-93,
210.,Kevin Durant,,2022-23,
211.,Neil Johnston,,1952-53,
212.,Michael Jordan,,1984-85,
213.,Kawhi Leonard,,2018-19,
214.,Neil Johnston,,1953-54,
215.,Anthony Davis,,2023-24,
216.,Patrick Ewing,,1989-90,
217.,Bob McAdoo,,1974-75,
218.,DeMarcus Cousins,,2016-17,
219.,Joel Embiid,,2019-20,
220.,Alonzo Mourning,,1999-00,
221.,Red Robbins,,1967-68,
222.,Julius Erving,,1973-74,
223.,Paul Arizin,,1951-52,
224.,LeBron James,,2004-05,
225.,Hassan Whiteside,,2015-16,
226.,Yao Ming,,2005-06,
227.,Kevin Durant,,2021-22,
228.,Larry Bird,,1985-86,
229.,Damian Lillard,,2020-21,
230.,Karl Malone,,1998-99,
231.,LeBron James,,2018-19,
232.,Dwyane Wade,,2010-11,
233.,Dirk Nowitzki,,2002-03,
234.,Grant Hill,,1996-97,
235.,Oscar Robertson,,1966-67,
236.,Hakeem Olajuwon,,1995-96,
237.,LeBron James,,2019-20,
238.,Kareem Abdul-Jabbar,,1980-81,
239.,Kareem Abdul-Jabbar,,1978-79,
240.,Nikola Vučević,,2018-19,
241.,Trae Young,,2021-22,
242.,Dwight Howard,,2008-09,
243.,Karl Malone,,1991-92,
244.,Kevin Love,,2011-12,
245.,Julius Erving,,1979-80,
246.,Dolph Schayes,,1952-53,
247.,John Drew,,1975-76,
248.,Kareem Abdul-Jabbar,,1979-80,
249.,James Harden,,2015-16,
250.,Hakeem Olajuwon,,1993-94,
