split_type,value,g,mp,fg,fga,fg_pct,fg3,fg3a,fg3_pct,ft,fta,ft_pct,orb,drb,trb,ast,stl,blk,tov,pf,pts
,,82,,37.2,83.9,0.444,5.1,15.4,0.331,19.8,26.5,0.745,13.5,,43.0,21.2,9.7,3.5,15.4,27.1,99.3
,,41,,37.9,84.4,0.449,5.5,15.0,0.364,19.8,26.3,0.753,14.2,,45.0,23.2,10.5,4.0,15.0,25.8,101.0
,,41,,36.6,83.4,0.439,4.7,15.7,0.3,19.8,26.8,0.738,12.8,,41.0,19.3,8.9,3.0,15.7,28.5,97.7
,,49,,36.7,82.7,0.444,5.0,14.9,0.334,18.9,25.3,0.746,12.9,,42.2,21.1,9.4,3.6,14.9,26.4,97.3
,,33,,38.0,85.6,0.444,5.2,16.1,0.326,21.1,28.4,0.744,14.5,,44.3,21.5,10.2,3.3,16.0,28.2,102.4
,,35,,38.7,83.7,0.462,5.6,15.4,0.363,19.9,26.6,0.747,13.9,,46.1,23.1,11.2,4.1,15.3,26.0,102.9
,,47,,36.1,84.0,0.43,4.7,15.3,0.307,19.7,26.5,0.744,13.3,,40.7,19.8,8.6,3.0,15.4,27.9,96.7
,,14,,37.0,81.6,0.454,6.3,15.4,0.407,19.2,25.8,0.745,12.6,,42.1,20.9,9.6,4.1,16.1,25.8,99.5
,,14,,36.8,82.8,0.444,4.3,14.6,0.293,17.5,24.1,0.727,11.7,,41.3,21.3,10.0,3.7,14.3,28.3,95.4
,,15,,35.8,83.1,0.431,4.3,15.1,0.283,19.5,26.1,0.747,13.7,,43.4,20.8,9.3,3.2,15.0,25.2,95.3
,,13,,37.1,84.2,0.44,4.2,13.5,0.314,20.9,27.5,0.76,14.6,,42.6,20.4,8.8,3.2,16.1,27.5,99.3
,,16,,38.2,87.5,0.436,4.9,15.6,0.317,22.3,29.1,0.766,15.8,,46.3,21.4,9.9,3.6,15.4,28.1,103.6
,,10,,39.1,83.7,0.467,7.1,18.9,0.376,18.6,26.2,0.71,11.9,,41.5,23.1,10.8,2.9,15.2,28.1,103.9
,,7,,35.3,83.6,0.422,4.4,16.9,0.263,20.3,27.4,0.74,13.6,,43.9,19.6,9.1,3.3,15.6,25.1,95.3
,,10,,36.5,84.8,0.43,5.1,13.9,0.367,22.9,28.4,0.806,14.6,,43.9,21.6,9.8,3.4,15.7,28.5,101.0
,,11,,37.7,83.6,0.451,4.7,14.6,0.323,18.5,25.1,0.736,12.4,,38.7,19.9,8.6,3.1,15.6,28.4,98.6
,,19,,37.8,84.1,0.45,6.1,16.3,0.372,20.8,27.5,0.757,13.5,,43.1,23.3,9.5,3.5,14.1,26.3,102.4
,,3,,36.7,80.7,0.455,3.7,14.3,0.256,19.0,28.0,0.679,10.3,,43.7,17.7,8.7,3.3,13.3,25.0,96.0
,,20,,38.4,85.6,0.449,5.4,15.2,0.355,19.6,26.7,0.734,14.8,,46.7,22.7,10.9,3.7,16.2,27.3,101.8
,,12,,35.9,81.4,0.441,4.1,15.5,0.263,17.0,23.7,0.718,12.4,,39.4,18.4,9.6,3.8,15.8,27.5,92.9
,,22,,35.9,81.7,0.439,5.1,16.4,0.313,19.1,26.3,0.728,12.3,,38.9,19.3,9.4,3.4,15.0,27.5,96.0
,,42,,37.6,85.9,0.438,5.3,16.0,0.331,19.5,26.4,0.74,14.5,,44.7,22.1,9.9,3.6,15.0,27.0,100.1
,,9,,38.6,84.3,0.457,4.2,11.9,0.355,19.7,25.6,0.77,14.7,,44.0,22.3,9.4,2.4,16.8,27.2,101.0
,,9,,37.6,79.7,0.471,4.9,13.6,0.361,22.4,28.7,0.783,10.9,,44.1,20.8,9.8,4.4,16.4,26.9,102.4
,,54,,37.2,83.7,0.444,5.6,16.4,0.339,19.5,26.1,0.748,13.5,,42.9,21.4,9.7,3.5,15.4,27.1,99.4
,,28,,37.4,84.3,0.444,4.2,13.4,0.311,20.3,27.3,0.741,13.5,,43.3,20.9,9.7,3.5,15.4,27.1,99.2
,,24,,36.9,84.7,0.436,5.0,16.3,0.307,19.4,25.8,0.752,14.8,,44.3,21.3,9.4,4.3,15.7,26.7,98.3
,,30,,37.4,82.9,0.451,6.0,16.4,0.365,19.6,26.3,0.744,12.4,,41.8,21.5,9.9,2.9,15.1,27.4,100.3
,,14,,38.4,83.3,0.461,4.0,13.3,0.301,18.4,25.2,0.728,12.3,,41.4,21.1,9.9,4.3,14.6,26.8,99.2
,,14,,36.4,85.3,0.426,4.4,13.6,0.321,22.1,29.4,0.752,14.8,,45.1,20.7,9.6,2.6,16.1,27.4,99.2
,,4,,39.3,84.8,0.463,6.8,16.0,0.422,13.5,16.8,0.806,9.8,,36.8,23.5,10.8,2.5,13.0,27.3,98.8
,,4,,40.0,86.0,0.465,4.3,13.8,0.309,17.3,24.3,0.711,11.8,,39.8,22.0,10.5,2.5,15.0,27.8,101.5
,,4,,34.5,79.0,0.437,3.8,12.8,0.294,22.3,30.0,0.742,12.0,,42.3,21.5,14.5,1.8,15.0,29.0,95.0
,,4,,35.0,82.0,0.427,5.8,18.0,0.319,26.8,34.0,0.787,12.5,,42.0,22.0,8.8,5.0,15.0,26.3,102.5
,,2,,39.0,86.5,0.451,6.0,16.0,0.375,18.0,23.0,0.783,17.0,,48.0,22.0,7.5,3.5,19.0,28.5,102.0
,,2,,40.0,84.5,0.473,4.5,14.5,0.31,24.0,32.5,0.738,7.5,,45.5,26.0,13.5,4.0,12.5,31.5,108.5
,,3,,35.0,78.7,0.445,8.7,20.3,0.426,25.7,35.3,0.726,10.3,,39.0,18.3,8.0,1.7,19.3,32.3,104.3
,,2,,35.0,80.0,0.438,4.5,13.5,0.333,36.0,48.5,0.742,15.0,,45.5,22.5,6.5,1.5,14.5,36.0,110.5
,,2,,39.0,81.5,0.479,2.0,12.0,0.167,17.0,24.5,0.694,12.0,,39.0,22.5,13.0,5.0,14.0,23.0,97.0
,,4,,40.5,84.3,0.481,7.0,15.8,0.444,12.8,18.3,0.699,11.8,,41.3,21.3,7.8,3.0,12.8,27.0,100.8
,,2,,36.5,85.0,0.429,4.0,12.5,0.32,20.5,27.5,0.745,14.0,,45.0,20.0,9.0,2.0,12.5,19.0,97.5
,,2,,36.5,89.0,0.41,2.5,11.5,0.217,17.5,24.0,0.729,11.0,,40.5,23.0,12.5,2.0,14.0,33.0,93.0
,,4,,35.3,82.3,0.429,5.0,14.0,0.357,19.5,27.0,0.722,13.0,,40.0,18.8,10.3,3.5,15.0,25.5,95.0
,,3,,37.7,86.7,0.435,6.7,20.7,0.323,20.7,26.0,0.795,17.0,,47.7,22.3,8.0,3.3,16.3,23.7,102.7
,,2,,36.0,79.5,0.453,4.0,12.5,0.32,19.5,27.0,0.722,10.0,,38.5,19.0,6.5,2.0,14.0,22.0,95.5
,,4,,40.0,84.5,0.473,3.8,14.0,0.268,21.5,26.5,0.811,16.0,,46.5,24.0,9.3,3.8,16.5,26.5,105.3
,,4,,34.0,80.0,0.425,6.8,19.5,0.346,19.5,26.8,0.729,13.8,,44.0,17.5,9.3,3.5,16.3,26.8,94.3
,,4,,34.3,86.8,0.395,6.0,21.3,0.282,17.5,25.0,0.7,15.0,,40.8,23.8,9.0,4.8,14.8,27.0,92.0
,,4,,37.0,91.8,0.403,4.3,16.0,0.266,16.5,22.3,0.742,17.0,,50.8,20.3,9.5,5.3,16.3,27.8,94.8
,,2,,34.0,85.5,0.398,5.0,13.5,0.37,25.5,33.0,0.773,17.5,,48.5,15.0,9.0,1.5,14.0,25.0,98.5
,,2,,33.5,81.5,0.411,4.0,12.0,0.333,22.0,27.5,0.8,15.0,,40.5,19.0,9.5,4.5,19.0,29.0,93.0
,,2,,40.5,87.5,0.463,5.0,12.5,0.4,15.0,21.5,0.698,14.5,,45.0,24.0,10.5,1.5,17.0,26.5,101.0
,,2,,38.5,89.5,0.43,4.5,13.0,0.346,14.5,20.5,0.707,10.0,,35.5,20.5,9.0,3.5,10.5,27.0,96.0
,,2,,38.5,88.5,0.435,5.5,19.5,0.282,18.5,24.0,0.771,16.5,,51.0,21.5,10.0,5.5,21.5,23.5,101.0
,,4,,36.5,82.0,0.445,6.0,16.3,0.369,19.8,28.3,0.699,15.0,,46.5,20.8,10.0,3.3,15.5,26.5,98.8
,,2,,33.5,77.0,0.435,3.0,12.0,0.25,23.5,31.5,0.746,14.5,,40.0,16.5,8.0,5.0,16.0,28.0,93.5
,,2,,43.0,84.5,0.509,4.0,13.0,0.308,12.0,17.5,0.686,15.0,,43.0,21.0,11.5,7.0,16.5,27.5,102.0
,,4,,41.0,82.8,0.495,4.3,13.0,0.327,22.0,27.5,0.8,14.3,,43.8,23.3,9.3,4.8,15.5,26.8,108.3
